{"_id": "f0c6a5bdbd284ba9b0d50bb7f1908639", "_rev": "2-98b319aa6fa75db95461c91a3d24c9f0", "date": "30.10.2020", "data": {"type": "FeatureCollection", "features": [{"type": "Feature", "properties": {"death_rate": 1.07095046854083, "cases": 2241, "deaths": 24, "last_update": "30.10.2020, 00:00 Uhr", "GEN": "Berlin Reinickendorf", "cases_per_100k": 862.95530422929, "cases_per_population": 0.86295530422929, "total_recovered": 2119, "new_recovered": 36}}, {"type": "Feature", "properties": {"death_rate": 0.863620007196833, "cases": 2779, "deaths": 24, "last_update": "30.10.2020, 00:00 Uhr", "GEN": "Berlin Charlottenburg-Wilmersdorf", "cases_per_100k": 831.038184694424, "cases_per_population": 0.831038184694424, "total_recovered": 2660, "new_recovered": 21}}, {"type": "Feature", "properties": {"death_rate": 1.03359173126615, "cases": 1161, "deaths": 12, "last_update": "30.10.2020, 00:00 Uhr", "GEN": "Berlin Treptow-K\u00f6penick", "cases_per_100k": 435.66689682087, "cases_per_population": 0.43566689682087, "total_recovered": 1012, "new_recovered": 3}}, {"type": "Feature", "properties": {"death_rate": 1.60337552742616, "cases": 2370, "deaths": 38, "last_update": "30.10.2020, 00:00 Uhr", "GEN": "Berlin Pankow", "cases_per_100k": 595.423529529992, "cases_per_population": 0.595423529529992, "total_recovered": 2291, "new_recovered": 9}}, {"type": "Feature", "properties": {"death_rate": 1.01210121012101, "cases": 4545, "deaths": 46, "last_update": "30.10.2020, 00:00 Uhr", "GEN": "Berlin Neuk\u00f6lln", "cases_per_100k": 1415.3455218094, "cases_per_population": 1.4153455218094, "total_recovered": 4473, "new_recovered": 126}}, {"type": "Feature", "properties": {"death_rate": 1.01419878296146, "cases": 1479, "deaths": 15, "last_update": "30.10.2020, 00:00 Uhr", "GEN": "Berlin Lichtenberg", "cases_per_100k": 516.190728809655, "cases_per_population": 0.516190728809655, "total_recovered": 1490, "new_recovered": 68}}, {"type": "Feature", "properties": {"death_rate": 0.759493670886076, "cases": 1185, "deaths": 9, "last_update": "30.10.2020, 00:00 Uhr", "GEN": "Berlin Marzahn-Hellersdorf", "cases_per_100k": 450.626884742192, "cases_per_population": 0.450626884742192, "total_recovered": 1188, "new_recovered": 35}}, {"type": "Feature", "properties": {"death_rate": 0.552486187845304, "cases": 1629, "deaths": 9, "last_update": "30.10.2020, 00:00 Uhr", "GEN": "Berlin Spandau", "cases_per_100k": 681.535777490492, "cases_per_population": 0.681535777490492, "total_recovered": 1743, "new_recovered": 86}}, {"type": "Feature", "properties": {"death_rate": 0.786163522012579, "cases": 1908, "deaths": 15, "last_update": "30.10.2020, 00:00 Uhr", "GEN": "Berlin Steglitz-Zehlendorf", "cases_per_100k": 631.418009974287, "cases_per_population": 0.631418009974287, "total_recovered": 1610, "new_recovered": 3}}, {"type": "Feature", "properties": {"death_rate": 0.438963210702341, "cases": 4784, "deaths": 21, "last_update": "30.10.2020, 00:00 Uhr", "GEN": "Berlin Mitte", "cases_per_100k": 1274.92418145284, "cases_per_population": 1.27492418145284, "total_recovered": 4396, "new_recovered": 26}}, {"type": "Feature", "properties": {"death_rate": 0.344611528822055, "cases": 3192, "deaths": 11, "last_update": "30.10.2020, 00:00 Uhr", "GEN": "Berlin Friedrichshain-Kreuzberg", "cases_per_100k": 1131.67812408042, "cases_per_population": 1.13167812408042, "total_recovered": 3141, "new_recovered": 85}}, {"type": "Feature", "properties": {"death_rate": 0.940642231592605, "cases": 3083, "deaths": 29, "last_update": "30.10.2020, 00:00 Uhr", "GEN": "Berlin Tempelhof-Sch\u00f6neberg", "cases_per_100k": 902.063363880014, "cases_per_population": 0.902063363880014, "total_recovered": 2742, "new_recovered": 9}}]}}