{"_id": "5b5eb3b51f4b42bcac10fa26f4a5029f", "_rev": "1-0e775e0026fb39a83badcef37fd4deb7", "type": "FeatureCollection", "features": [{"type": "Feature", "geometry": {"type": "Point", "coordinates": [13.397046, 52.525902]}, "properties": {"name": "Alexianer St. Hedwig Kliniken Berlin GmbH, Alexianer St. Hedwig-Krankenhaus", "status": {"statusLowCare": "VERFUEGBAR", "statusHighCare": "BEGRENZT", "statusECMO": "KEINE_ANGABE"}, "last_update": "2020-12-04T09:15:51Z"}}, {"type": "Feature", "geometry": {"type": "Point", "coordinates": [13.369843, 52.534919]}, "properties": {"name": "Bundeswehrkrankenhaus Berlin, Hauptstandort", "status": {"statusLowCare": "KEINE_ANGABE", "statusHighCare": "VERFUEGBAR", "statusECMO": "KEINE_ANGABE"}, "last_update": "2020-12-04T06:19:48Z"}}, {"type": "Feature", "geometry": {"type": "Point", "coordinates": [13.37823, 52.52367]}, "properties": {"name": "Charit\u00e9 Universit\u00e4tsmedizin Berlin, Hauptstandort Charit\u00e9 Universit\u00e4tsmedizin Berlin", "status": {"statusLowCare": "VERFUEGBAR", "statusHighCare": "BEGRENZT", "statusECMO": "BEGRENZT"}, "last_update": "2020-12-04T02:46:09Z"}}, {"type": "Feature", "geometry": {"type": "Point", "coordinates": [13.438961, 52.524481]}, "properties": {"name": "Vivantes - Netzwerk f\u00fcr Gesundheit GmbH, Klinikum im Friedrichshain", "status": {"statusLowCare": "VERFUEGBAR", "statusHighCare": "VERFUEGBAR", "statusECMO": "KEINE_ANGABE"}, "last_update": "2020-12-04T10:23:58Z"}}, {"type": "Feature", "geometry": {"type": "Point", "coordinates": [13.508368, 52.526881]}, "properties": {"name": "Ev. Krankenhaus K\u00f6nigin Elisabeth Herzberge, Evangelisches Krankenhaus K\u00f6nigin Elisabeth Herzberge gGmbH", "status": {"statusLowCare": "NICHT_VERFUEGBAR", "statusHighCare": "NICHT_VERFUEGBAR", "statusECMO": "KEINE_ANGABE"}, "last_update": "2020-12-04T09:59:20Z"}}, {"type": "Feature", "geometry": {"type": "Point", "coordinates": [13.494809, 52.514034]}, "properties": {"name": "Sana Klinikum Lichtenberg", "status": {"statusLowCare": "NICHT_VERFUEGBAR", "statusHighCare": "NICHT_VERFUEGBAR", "statusECMO": "KEINE_ANGABE"}, "last_update": "2020-12-04T06:43:09Z"}}, {"type": "Feature", "geometry": {"type": "Point", "coordinates": [13.317198, 52.481245]}, "properties": {"name": "Sankt Gertrauden-Krankenhaus GmbH", "status": {"statusLowCare": "VERFUEGBAR", "statusHighCare": "VERFUEGBAR", "statusECMO": "KEINE_ANGABE"}, "last_update": "2020-12-04T07:33:43Z"}}, {"type": "Feature", "geometry": {"type": "Point", "coordinates": [13.364198, 52.503591]}, "properties": {"name": "Ev. Elisabeth Klinik Krankenhausbetriebs gGmbH, Hauptstandort", "status": {"statusLowCare": "VERFUEGBAR", "statusHighCare": "VERFUEGBAR", "statusECMO": "KEINE_ANGABE"}, "last_update": "2020-12-04T08:22:51Z"}}, {"type": "Feature", "geometry": {"type": "Point", "coordinates": [13.345418, 52.506387]}, "properties": {"name": "Franziskus-Krankenhaus Berlin, Hauptstandort", "status": {"statusLowCare": "BEGRENZT", "statusHighCare": "BEGRENZT", "statusECMO": "KEINE_ANGABE"}, "last_update": "2020-12-04T07:50:57Z"}}, {"type": "Feature", "geometry": {"type": "Point", "coordinates": [13.40902, 52.494627]}, "properties": {"name": "Vivantes - Netzwerk f\u00fcr Gesundheit GmbH, Klinikum Am Urban", "status": {"statusLowCare": "VERFUEGBAR", "statusHighCare": "VERFUEGBAR", "statusECMO": "KEINE_ANGABE"}, "last_update": "2020-12-04T10:23:07Z"}}, {"type": "Feature", "geometry": {"type": "Point", "coordinates": [13.389266, 52.458933]}, "properties": {"name": "Vivantes - Netzwerk f\u00fcr Gesundheit GmbH, Wenckebach-Klinikum", "status": {"statusLowCare": "NICHT_VERFUEGBAR", "statusHighCare": "NICHT_VERFUEGBAR", "statusECMO": "KEINE_ANGABE"}, "last_update": "2020-12-04T10:27:06Z"}}, {"type": "Feature", "geometry": {"type": "Point", "coordinates": [13.372828, 52.478649]}, "properties": {"name": "St. Joseph Krankenhaus Berlin-Tempelhof, Hauptstandort", "status": {"statusLowCare": "BEGRENZT", "statusHighCare": "BEGRENZT", "statusECMO": "KEINE_ANGABE"}, "last_update": "2020-12-04T08:31:45Z"}}, {"type": "Feature", "geometry": {"type": "Point", "coordinates": [13.345513, 52.463039]}, "properties": {"name": "Vivantes - Netzwerk f\u00fcr Gesundheit GmbH, Auguste-Viktoria-Klinikum", "status": {"statusLowCare": "VERFUEGBAR", "statusHighCare": "VERFUEGBAR", "statusECMO": "KEINE_ANGABE"}, "last_update": "2020-12-04T10:21:32Z"}}, {"type": "Feature", "geometry": {"type": "Point", "coordinates": [13.320401, 52.4418]}, "properties": {"name": "Charit\u00e9 Universit\u00e4tsmedizin Berlin, Charit\u00e9 Campus Benjamin Franklin", "status": {"statusLowCare": "BEGRENZT", "statusHighCare": "VERFUEGBAR", "statusECMO": "BEGRENZT"}, "last_update": "2020-12-04T06:12:12Z"}}, {"type": "Feature", "geometry": {"type": "Point", "coordinates": [13.325927, 52.432553]}, "properties": {"name": "Krankenhaus Bethel Berlin gGmbH, Krankenhaus Bethel Berlin", "status": {"statusLowCare": "BEGRENZT", "statusHighCare": "BEGRENZT", "statusECMO": "KEINE_ANGABE"}, "last_update": "2020-12-04T08:51:55Z"}}, {"type": "Feature", "geometry": {"type": "Point", "coordinates": [13.348082, 52.424283]}, "properties": {"name": "St. Marien-Krankenhaus Lankwitz", "status": {"statusLowCare": "VERFUEGBAR", "statusHighCare": "VERFUEGBAR", "statusECMO": "KEINE_ANGABE"}, "last_update": "2020-12-04T08:13:30Z"}}, {"type": "Feature", "geometry": {"type": "Point", "coordinates": [13.458397, 52.438175]}, "properties": {"name": "Vivantes - Netzwerk f\u00fcr Gesundheit GmbH, Klinikum Neuk\u00f6lln", "status": {"statusLowCare": "BEGRENZT", "statusHighCare": "BEGRENZT", "statusECMO": "KEINE_ANGABE"}, "last_update": "2020-12-04T10:20:34Z"}}, {"type": "Feature", "geometry": {"type": "Point", "coordinates": [13.595805, 52.440262]}, "properties": {"name": "DRK Kliniken Berlin K\u00f6penick", "status": {"statusLowCare": "NICHT_VERFUEGBAR", "statusHighCare": "VERFUEGBAR", "statusECMO": "KEINE_ANGABE"}, "last_update": "2020-12-04T06:10:26Z"}}, {"type": "Feature", "geometry": {"type": "Point", "coordinates": [13.592644, 52.505881]}, "properties": {"name": "Vivantes - Netzwerk f\u00fcr Gesundheit GmbH, Klinikum Kaulsdorf", "status": {"statusLowCare": "VERFUEGBAR", "statusHighCare": "VERFUEGBAR", "statusECMO": "KEINE_ANGABE"}, "last_update": "2020-12-04T10:25:35Z"}}, {"type": "Feature", "geometry": {"type": "Point", "coordinates": [13.566016, 52.519049]}, "properties": {"name": "BG Klinikum Unfallkrankenhaus Berlin gGmbH", "status": {"statusLowCare": "VERFUEGBAR", "statusHighCare": "VERFUEGBAR", "statusECMO": "VERFUEGBAR"}, "last_update": "2020-12-04T06:59:21Z"}}, {"type": "Feature", "geometry": {"type": "Point", "coordinates": [13.45185, 52.554889]}, "properties": {"name": "Park-Klinik Wei\u00dfensee", "status": {"statusLowCare": "VERFUEGBAR", "statusHighCare": "VERFUEGBAR", "statusECMO": "KEINE_ANGABE"}, "last_update": "2020-12-04T08:10:08Z"}}, {"type": "Feature", "geometry": {"type": "Point", "coordinates": [13.505311, 52.631861]}, "properties": {"name": "Evangelische Lungenklinik Berlin, Hauptstandort", "status": {"statusLowCare": "BEGRENZT", "statusHighCare": "NICHT_VERFUEGBAR", "statusECMO": "KEINE_ANGABE"}, "last_update": "2020-12-04T07:36:48Z"}}, {"type": "Feature", "geometry": {"type": "Point", "coordinates": [13.511302, 52.631419]}, "properties": {"name": "Helios Klinikum Berlin-Buch GmbH, Helios Klinikum Berlin-Buch", "status": {"statusLowCare": "VERFUEGBAR", "statusHighCare": "VERFUEGBAR", "statusECMO": "VERFUEGBAR"}, "last_update": "2020-12-04T07:41:24Z"}}, {"type": "Feature", "geometry": {"type": "Point", "coordinates": [13.413936, 52.571388]}, "properties": {"name": "Caritas-Klinik Maria Heimsuchung Berlin Pankow, Caritas-Klinik Maria Heimsuchung Berlin-Pankow", "status": {"statusLowCare": "BEGRENZT", "statusHighCare": "BEGRENZT", "statusECMO": "KEINE_ANGABE"}, "last_update": "2020-12-04T07:06:36Z"}}, {"type": "Feature", "geometry": {"type": "Point", "coordinates": [13.370569, 52.555279]}, "properties": {"name": "J\u00fcdisches Krankenhaus Berlin, Krankenhaus", "status": {"statusLowCare": "NICHT_VERFUEGBAR", "statusHighCare": "NICHT_VERFUEGBAR", "statusECMO": "KEINE_ANGABE"}, "last_update": "2020-12-04T16:22:13Z"}}, {"type": "Feature", "geometry": {"type": "Point", "coordinates": [13.347828, 52.542234]}, "properties": {"name": "Charit\u00e9 Universit\u00e4tsmedizin Berlin, Charit\u00e9 Campus Virchow Klinikum", "status": {"statusLowCare": "VERFUEGBAR", "statusHighCare": "BEGRENZT", "statusECMO": "BEGRENZT"}, "last_update": "2020-12-04T02:33:46Z"}}, {"type": "Feature", "geometry": {"type": "Point", "coordinates": [13.347769, 52.542387]}, "properties": {"name": "Deutsches Herzzentrum Berlin, Hauptstandort", "status": {"statusLowCare": "KEINE_ANGABE", "statusHighCare": "BEGRENZT", "statusECMO": "KEINE_ANGABE"}, "last_update": "2020-12-04T06:38:55Z"}}, {"type": "Feature", "geometry": {"type": "Point", "coordinates": [13.376277, 52.557387]}, "properties": {"name": "DRK Kliniken Berlin Mitte", "status": {"statusLowCare": "KEINE_ANGABE", "statusHighCare": "VERFUEGBAR", "statusECMO": "KEINE_ANGABE"}, "last_update": "2020-12-04T05:46:25Z"}}, {"type": "Feature", "geometry": {"type": "Point", "coordinates": [13.295364, 52.624685]}, "properties": {"name": "Dominikus-Krankenhaus Berlin-Hermsdorf GmbH, Caritas-Klinik Dominikus Berlin-Reinickendorf", "status": {"statusLowCare": "BEGRENZT", "statusHighCare": "BEGRENZT", "statusECMO": "KEINE_ANGABE"}, "last_update": "2020-12-04T06:30:47Z"}}, {"type": "Feature", "geometry": {"type": "Point", "coordinates": [13.308975, 52.589849]}, "properties": {"name": "Vivantes - Netzwerk f\u00fcr Gesundheit GmbH, Humboldt-Klinikum", "status": {"statusLowCare": "BEGRENZT", "statusHighCare": "BEGRENZT", "statusECMO": "KEINE_ANGABE"}, "last_update": "2020-12-04T10:22:18Z"}}, {"type": "Feature", "geometry": {"type": "Point", "coordinates": [13.206897, 52.550157]}, "properties": {"name": "Vivantes - Netzwerk f\u00fcr Gesundheit GmbH, Klinikum Spandau", "status": {"statusLowCare": "NICHT_VERFUEGBAR", "statusHighCare": "NICHT_VERFUEGBAR", "statusECMO": "KEINE_ANGABE"}, "last_update": "2020-12-04T10:28:26Z"}}, {"type": "Feature", "geometry": {"type": "Point", "coordinates": [13.157562, 52.562405]}, "properties": {"name": "Evangelisches Waldkrankenhaus Spandau, Stadtrandstra\u00dfe 555-561", "status": {"statusLowCare": "BEGRENZT", "statusHighCare": "BEGRENZT", "statusECMO": "KEINE_ANGABE"}, "last_update": "2020-12-04T08:46:30Z"}}, {"type": "Feature", "geometry": {"type": "Point", "coordinates": [13.277062, 52.518886]}, "properties": {"name": "DRK Kliniken Berlin Westend", "status": {"statusLowCare": "BEGRENZT", "statusHighCare": "BEGRENZT", "statusECMO": "KEINE_ANGABE"}, "last_update": "2020-12-04T05:52:54Z"}}, {"type": "Feature", "geometry": {"type": "Point", "coordinates": [13.233627, 52.508026]}, "properties": {"name": "Paulinenhaus Krankenanstalt e.V., Paulinenkrankenhaus gGmbH", "status": {"statusLowCare": "KEINE_ANGABE", "statusHighCare": "BEGRENZT", "statusECMO": "KEINE_ANGABE"}, "last_update": "2020-12-04T07:08:44Z"}}, {"type": "Feature", "geometry": {"type": "Point", "coordinates": [13.289496, 52.521791]}, "properties": {"name": "Schlosspark-Klinik", "status": {"statusLowCare": "KEINE_ANGABE", "statusHighCare": "NICHT_VERFUEGBAR", "statusECMO": "KEINE_ANGABE"}, "last_update": "2020-12-04T07:35:47Z"}}, {"type": "Feature", "geometry": {"type": "Point", "coordinates": [13.160882, 52.461717]}, "properties": {"name": "Gemeinschaftskrankenhaus Havelh\u00f6he gGmbH, Gemeinschaftskrankenhaus Havelh\u00f6he", "status": {"statusLowCare": "BEGRENZT", "statusHighCare": "BEGRENZT", "statusECMO": "NICHT_VERFUEGBAR"}, "last_update": "2020-12-04T07:23:19Z"}}, {"type": "Feature", "geometry": {"type": "Point", "coordinates": [13.161751, 52.462407]}, "properties": {"name": "MEDIAN Klinik Berlin Kladow, Fachkrankenhaus f. neurologische Fr\u00fchrehabilitation, MEDIAN Klinik BErlin Kladow; Fachkrankenhaus f\u00fcr neurologische Fr\u00fchrehabilitation", "status": {"statusLowCare": "KEINE_ANGABE", "statusHighCare": "KEINE_ANGABE", "statusECMO": "KEINE_ANGABE"}, "last_update": "2020-09-17T12:28:50Z"}}, {"type": "Feature", "geometry": {"type": "Point", "coordinates": [13.164233, 52.419559]}, "properties": {"name": "Immanuel Krankenhaus Berlin, Standort Berlin Wannsee", "status": {"statusLowCare": "VERFUEGBAR", "statusHighCare": "VERFUEGBAR", "statusECMO": "KEINE_ANGABE"}, "last_update": "2020-12-04T07:10:00Z"}}, {"type": "Feature", "geometry": {"type": "Point", "coordinates": [13.219186, 52.431348]}, "properties": {"name": "Evangelisches Krankenhaus Hubertus", "status": {"statusLowCare": "BEGRENZT", "statusHighCare": "BEGRENZT", "statusECMO": "KEINE_ANGABE"}, "last_update": "2020-12-04T10:39:08Z"}}, {"type": "Feature", "geometry": {"type": "Point", "coordinates": [13.240225, 52.444185]}, "properties": {"name": "Krankenhaus Waldfriede e.V., Krankenhaus Waldfriede", "status": {"statusLowCare": "BEGRENZT", "statusHighCare": "BEGRENZT", "statusECMO": "KEINE_ANGABE"}, "last_update": "2020-12-04T07:20:55Z"}}, {"type": "Feature", "geometry": {"type": "Point", "coordinates": [13.252992, 52.422884]}, "properties": {"name": "Helios Klinikum Emil von Behring GmbH, Helios Klinikum Emil von Behring", "status": {"statusLowCare": "BEGRENZT", "statusHighCare": "BEGRENZT", "statusECMO": "KEINE_ANGABE"}, "last_update": "2020-12-04T09:05:53Z"}}, {"type": "Feature", "geometry": {"type": "Point", "coordinates": [13.292227, 52.491269]}, "properties": {"name": "Martin-Luther-Krankenhausbetriebs GmbH, Martin-Luther-Krankenhaus", "status": {"statusLowCare": "NICHT_VERFUEGBAR", "statusHighCare": "NICHT_VERFUEGBAR", "statusECMO": "KEINE_ANGABE"}, "last_update": "2020-12-04T06:41:54Z"}}], "date": "05.12.2020"}