{"_id": "c224e207e5f54ab0869ff9b01f0454ae", "_rev": "2-5fa9fa0fd3a8f61fe6514b57e3097e9a", "date": "11.11.2020", "data": {"type": "FeatureCollection", "features": [{"type": "Feature", "properties": {"death_rate": 0.912523599748269, "cases": 3178, "deaths": 29, "last_update": "11.11.2020, 00:00 Uhr", "GEN": "Berlin Reinickendorf", "cases_per_100k": 1223.77151130776, "cases_per_population": 1.22377151130776, "total_recovered": 2387, "new_recovered": 23}}, {"type": "Feature", "properties": {"death_rate": 0.667693888032871, "cases": 3894, "deaths": 26, "last_update": "11.11.2020, 00:00 Uhr", "GEN": "Berlin Charlottenburg-Wilmersdorf", "cases_per_100k": 1164.47020194318, "cases_per_population": 1.16447020194318, "total_recovered": 3105, "new_recovered": 32}}, {"type": "Feature", "properties": {"death_rate": 0.739827373612824, "cases": 1622, "deaths": 12, "last_update": "11.11.2020, 00:00 Uhr", "GEN": "Berlin Treptow-K\u00f6penick", "cases_per_100k": 608.657800726487, "cases_per_population": 0.608657800726487, "total_recovered": 1047, "new_recovered": 5}}, {"type": "Feature", "properties": {"death_rate": 1.16175156389634, "cases": 3357, "deaths": 39, "last_update": "11.11.2020, 00:00 Uhr", "GEN": "Berlin Pankow", "cases_per_100k": 843.391050055774, "cases_per_population": 0.843391050055774, "total_recovered": 2899, "new_recovered": 44}}, {"type": "Feature", "properties": {"death_rate": 0.950846091861402, "cases": 6205, "deaths": 59, "last_update": "11.11.2020, 00:00 Uhr", "GEN": "Berlin Neuk\u00f6lln", "cases_per_100k": 1932.28139996201, "cases_per_population": 1.93228139996201, "total_recovered": 5342, "new_recovered": 60}}, {"type": "Feature", "properties": {"death_rate": 1.17205813408345, "cases": 2133, "deaths": 25, "last_update": "11.11.2020, 00:00 Uhr", "GEN": "Berlin Lichtenberg", "cases_per_100k": 744.445452705202, "cases_per_population": 0.744445452705202, "total_recovered": 1735, "new_recovered": 0}}, {"type": "Feature", "properties": {"death_rate": 0.708800945067927, "cases": 1693, "deaths": 12, "last_update": "11.11.2020, 00:00 Uhr", "GEN": "Berlin Marzahn-Hellersdorf", "cases_per_100k": 643.807017610575, "cases_per_population": 0.643807017610575, "total_recovered": 1511, "new_recovered": 15}}, {"type": "Feature", "properties": {"death_rate": 0.60313630880579, "cases": 2487, "deaths": 15, "last_update": "11.11.2020, 00:00 Uhr", "GEN": "Berlin Spandau", "cases_per_100k": 1040.50305624239, "cases_per_population": 1.04050305624239, "total_recovered": 2263, "new_recovered": 45}}, {"type": "Feature", "properties": {"death_rate": 0.629163582531458, "cases": 2702, "deaths": 17, "last_update": "11.11.2020, 00:00 Uhr", "GEN": "Berlin Steglitz-Zehlendorf", "cases_per_100k": 894.177915592517, "cases_per_population": 0.894177915592517, "total_recovered": 1610, "new_recovered": 0}}, {"type": "Feature", "properties": {"death_rate": 0.454914703493095, "cases": 6155, "deaths": 28, "last_update": "11.11.2020, 00:00 Uhr", "GEN": "Berlin Mitte", "cases_per_100k": 1640.29229449043, "cases_per_population": 1.64029229449043, "total_recovered": 4536, "new_recovered": 10}}, {"type": "Feature", "properties": {"death_rate": 0.442151805453206, "cases": 4071, "deaths": 18, "last_update": "11.11.2020, 00:00 Uhr", "GEN": "Berlin Friedrichshain-Kreuzberg", "cases_per_100k": 1443.31505110633, "cases_per_population": 1.44331505110633, "total_recovered": 3618, "new_recovered": 34}}, {"type": "Feature", "properties": {"death_rate": 0.752711976975869, "cases": 4517, "deaths": 34, "last_update": "11.11.2020, 00:00 Uhr", "GEN": "Berlin Tempelhof-Sch\u00f6neberg", "cases_per_100k": 1321.64132813689, "cases_per_population": 1.32164132813689, "total_recovered": 2962, "new_recovered": 5}}]}}