{"_id": "b876a0d19f3b4cc8b22fe088a7e1c3c6", "_rev": "5-e78b9e2ba1cf4084cba1578c80b50879", "date": "19.11.2020", "data": {"type": "FeatureCollection", "features": [{"type": "Feature", "properties": {"death_rate": 0.917899031106578, "cases": 3922, "deaths": 36, "last_update": "19.11.2020, 00:00 Uhr", "GEN": "Berlin Reinickendorf", "cases_per_100k": 1510.26805139994, "cases_per_population": 1.51026805139994, "total_recovered": 2461, "new_recovered": 1}}, {"type": "Feature", "properties": {"death_rate": 0.763844684914067, "cases": 4713, "deaths": 36, "last_update": "19.11.2020, 00:00 Uhr", "GEN": "Berlin Charlottenburg-Wilmersdorf", "cases_per_100k": 1409.38573748284, "cases_per_population": 1.40938573748284, "total_recovered": 3230, "new_recovered": 0}}, {"type": "Feature", "properties": {"death_rate": 0.784313725490196, "cases": 2040, "deaths": 16, "last_update": "19.11.2020, 00:00 Uhr", "GEN": "Berlin Treptow-K\u00f6penick", "cases_per_100k": 765.512893638738, "cases_per_population": 0.765512893638738, "total_recovered": 1049, "new_recovered": 0}}, {"type": "Feature", "properties": {"death_rate": 1.22579063495955, "cases": 4079, "deaths": 50, "last_update": "19.11.2020, 00:00 Uhr", "GEN": "Berlin Pankow", "cases_per_100k": 1024.78167803917, "cases_per_population": 1.02478167803917, "total_recovered": 2996, "new_recovered": 3}}, {"type": "Feature", "properties": {"death_rate": 0.867914293463521, "cases": 7374, "deaths": 64, "last_update": "19.11.2020, 00:00 Uhr", "GEN": "Berlin Neuk\u00f6lln", "cases_per_100k": 2296.31636475743, "cases_per_population": 2.29631636475743, "total_recovered": 5511, "new_recovered": 2}}, {"type": "Feature", "properties": {"death_rate": 1.30111524163569, "cases": 2690, "deaths": 35, "last_update": "19.11.2020, 00:00 Uhr", "GEN": "Berlin Lichtenberg", "cases_per_100k": 938.845882689636, "cases_per_population": 0.938845882689636, "total_recovered": 1772, "new_recovered": 0}}, {"type": "Feature", "properties": {"death_rate": 0.738007380073801, "cases": 2168, "deaths": 16, "last_update": "19.11.2020, 00:00 Uhr", "GEN": "Berlin Marzahn-Hellersdorf", "cases_per_100k": 824.438047359555, "cases_per_population": 0.824438047359555, "total_recovered": 1639, "new_recovered": 2}}, {"type": "Feature", "properties": {"death_rate": 0.595611285266458, "cases": 3190, "deaths": 19, "last_update": "19.11.2020, 00:00 Uhr", "GEN": "Berlin Spandau", "cases_per_100k": 1334.62193382116, "cases_per_population": 1.33462193382116, "total_recovered": 2487, "new_recovered": 1}}, {"type": "Feature", "properties": {"death_rate": 0.637866048129893, "cases": 3449, "deaths": 22, "last_update": "19.11.2020, 00:00 Uhr", "GEN": "Berlin Steglitz-Zehlendorf", "cases_per_100k": 1141.38402327113, "cases_per_population": 1.14138402327113, "total_recovered": 1615, "new_recovered": 0}}, {"type": "Feature", "properties": {"death_rate": 0.47460236018471, "cases": 7796, "deaths": 37, "last_update": "19.11.2020, 00:00 Uhr", "GEN": "Berlin Mitte", "cases_per_100k": 2077.61474051136, "cases_per_population": 2.07761474051136, "total_recovered": 4620, "new_recovered": 0}}, {"type": "Feature", "properties": {"death_rate": 0.578265204386839, "cases": 5015, "deaths": 29, "last_update": "19.11.2020, 00:00 Uhr", "GEN": "Berlin Friedrichshain-Kreuzberg", "cases_per_100k": 1777.99680208751, "cases_per_population": 1.77799680208751, "total_recovered": 3809, "new_recovered": 1}}, {"type": "Feature", "properties": {"death_rate": 0.727982954545454, "cases": 5632, "deaths": 41, "last_update": "19.11.2020, 00:00 Uhr", "GEN": "Berlin Tempelhof-Sch\u00f6neberg", "cases_per_100k": 1647.88221387358, "cases_per_population": 1.64788221387358, "total_recovered": 3023, "new_recovered": 0}}]}}