{"_id": "b5fc6d31329045ea9ec295ed4a625cec", "_rev": "5-2c4b34d09082a736658eb580bbaf23b1", "date": "02.12.2020", "data": {"type": "FeatureCollection", "features": [{"type": "Feature", "properties": {"death_rate": 1.00830367734282, "cases": 5058, "deaths": 51, "last_update": "02.12.2020, 00:00 Uhr", "recovered": null, "GEN": "Berlin Reinickendorf", "cases_per_100k": 1947.71438143318, "cases_per_population": 1.94771438143318, "total_recovered": 3501, "new_recovered": 1}}, {"type": "Feature", "properties": {"death_rate": 0.901681983700364, "cases": 5767, "deaths": 52, "last_update": "02.12.2020, 00:00 Uhr", "recovered": null, "GEN": "Berlin Charlottenburg-Wilmersdorf", "cases_per_100k": 1724.57618248749, "cases_per_population": 1.72457618248749, "total_recovered": 4610, "new_recovered": 0}}, {"type": "Feature", "properties": {"death_rate": 0.664697193500739, "cases": 2708, "deaths": 18, "last_update": "02.12.2020, 00:00 Uhr", "recovered": null, "GEN": "Berlin Treptow-K\u00f6penick", "cases_per_100k": 1016.18084116358, "cases_per_population": 1.01618084116358, "total_recovered": 1601, "new_recovered": 0}}, {"type": "Feature", "properties": {"death_rate": 1.05384173213259, "cases": 5219, "deaths": 55, "last_update": "02.12.2020, 00:00 Uhr", "recovered": null, "GEN": "Berlin Pankow", "cases_per_100k": 1311.1879327498, "cases_per_population": 1.3111879327498, "total_recovered": 3980, "new_recovered": 2}}, {"type": "Feature", "properties": {"death_rate": 1.0268734979244, "cases": 9154, "deaths": 94, "last_update": "02.12.2020, 00:00 Uhr", "recovered": null, "GEN": "Berlin Neuk\u00f6lln", "cases_per_100k": 2850.62110157167, "cases_per_population": 2.85062110157167, "total_recovered": 7400, "new_recovered": 4}}, {"type": "Feature", "properties": {"death_rate": 1.17075956596231, "cases": 3502, "deaths": 41, "last_update": "02.12.2020, 00:00 Uhr", "recovered": null, "GEN": "Berlin Lichtenberg", "cases_per_100k": 1222.24471419298, "cases_per_population": 1.22224471419298, "total_recovered": 2428, "new_recovered": 0}}, {"type": "Feature", "properties": {"death_rate": 0.892857142857143, "cases": 2912, "deaths": 26, "last_update": "02.12.2020, 00:00 Uhr", "recovered": null, "GEN": "Berlin Marzahn-Hellersdorf", "cases_per_100k": 1107.36328132427, "cases_per_population": 1.10736328132427, "total_recovered": 2299, "new_recovered": 2}}, {"type": "Feature", "properties": {"death_rate": 0.881057268722467, "cases": 4540, "deaths": 40, "last_update": "02.12.2020, 00:00 Uhr", "recovered": null, "GEN": "Berlin Spandau", "cases_per_100k": 1899.43058920002, "cases_per_population": 1.89943058920002, "total_recovered": 3505, "new_recovered": 9}}, {"type": "Feature", "properties": {"death_rate": 0.597289225821273, "cases": 4353, "deaths": 26, "last_update": "02.12.2020, 00:00 Uhr", "recovered": null, "GEN": "Berlin Steglitz-Zehlendorf", "cases_per_100k": 1440.54643470549, "cases_per_population": 1.44054643470549, "total_recovered": 2531, "new_recovered": 0}}, {"type": "Feature", "properties": {"death_rate": 0.519728468392024, "cases": 9428, "deaths": 49, "last_update": "02.12.2020, 00:00 Uhr", "recovered": null, "GEN": "Berlin Mitte", "cases_per_100k": 2512.53870876617, "cases_per_population": 2.51253870876617, "total_recovered": 6238, "new_recovered": 0}}, {"type": "Feature", "properties": {"death_rate": 0.675157280957496, "cases": 6517, "deaths": 44, "last_update": "02.12.2020, 00:00 Uhr", "recovered": null, "GEN": "Berlin Friedrichshain-Kreuzberg", "cases_per_100k": 2310.50950333086, "cases_per_population": 2.31050950333086, "total_recovered": 5547, "new_recovered": 1}}, {"type": "Feature", "properties": {"death_rate": 1.37101287073307, "cases": 7148, "deaths": 98, "last_update": "02.12.2020, 00:00 Uhr", "recovered": null, "GEN": "Berlin Tempelhof-Sch\u00f6neberg", "cases_per_100k": 2091.45278138642, "cases_per_population": 2.09145278138642, "total_recovered": 4865, "new_recovered": 0}}]}}