{"_id": "9fa261afabd644be82e897ed7b8c2c6b", "_rev": "2-51c7b64b8db488f00eb6ee21e52e1c9b", "date": "29.10.2020", "data": {"type": "FeatureCollection", "features": [{"type": "Feature", "properties": {"death_rate": 1.14997604216579, "cases": 2087, "deaths": 24, "last_update": "29.10.2020, 00:00 Uhr", "GEN": "Berlin Reinickendorf", "cases_per_100k": 803.653601038165, "cases_per_population": 0.803653601038165, "total_recovered": 2083, "new_recovered": 52}}, {"type": "Feature", "properties": {"death_rate": 0.889547813194959, "cases": 2698, "deaths": 24, "last_update": "29.10.2020, 00:00 Uhr", "GEN": "Berlin Charlottenburg-Wilmersdorf", "cases_per_100k": 806.8157690916, "cases_per_population": 0.8068157690916, "total_recovered": 2639, "new_recovered": 61}}, {"type": "Feature", "properties": {"death_rate": 1.07816711590297, "cases": 1113, "deaths": 12, "last_update": "29.10.2020, 00:00 Uhr", "GEN": "Berlin Treptow-K\u00f6penick", "cases_per_100k": 417.654828735253, "cases_per_population": 0.417654828735253, "total_recovered": 1009, "new_recovered": 8}}, {"type": "Feature", "properties": {"death_rate": 1.66666666666667, "cases": 2280, "deaths": 38, "last_update": "29.10.2020, 00:00 Uhr", "GEN": "Berlin Pankow", "cases_per_100k": 572.812509421258, "cases_per_population": 0.572812509421258, "total_recovered": 2282, "new_recovered": 72}}, {"type": "Feature", "properties": {"death_rate": 1.05263157894737, "cases": 4370, "deaths": 46, "last_update": "29.10.2020, 00:00 Uhr", "GEN": "Berlin Neuk\u00f6lln", "cases_per_100k": 1360.84926959452, "cases_per_population": 1.36084926959452, "total_recovered": 4347, "new_recovered": 96}}, {"type": "Feature", "properties": {"death_rate": 1.07066381156317, "cases": 1401, "deaths": 15, "last_update": "29.10.2020, 00:00 Uhr", "GEN": "Berlin Lichtenberg", "cases_per_100k": 488.967688345049, "cases_per_population": 0.488967688345049, "total_recovered": 1422, "new_recovered": 59}}, {"type": "Feature", "properties": {"death_rate": 0.800711743772242, "cases": 1124, "deaths": 9, "last_update": "29.10.2020, 00:00 Uhr", "GEN": "Berlin Marzahn-Hellersdorf", "cases_per_100k": 427.430057763902, "cases_per_population": 0.427430057763902, "total_recovered": 1153, "new_recovered": 41}}, {"type": "Feature", "properties": {"death_rate": 0.564971751412429, "cases": 1593, "deaths": 9, "last_update": "29.10.2020, 00:00 Uhr", "GEN": "Berlin Spandau", "cases_per_100k": 666.474213347056, "cases_per_population": 0.666474213347056, "total_recovered": 1657, "new_recovered": 68}}, {"type": "Feature", "properties": {"death_rate": 0.786163522012579, "cases": 1908, "deaths": 15, "last_update": "29.10.2020, 00:00 Uhr", "GEN": "Berlin Steglitz-Zehlendorf", "cases_per_100k": 631.418009974287, "cases_per_population": 0.631418009974287, "total_recovered": 1607, "new_recovered": 0}}, {"type": "Feature", "properties": {"death_rate": 0.450353849453142, "cases": 4663, "deaths": 21, "last_update": "29.10.2020, 00:00 Uhr", "GEN": "Berlin Mitte", "cases_per_100k": 1242.67798037512, "cases_per_population": 1.24267798037512, "total_recovered": 4370, "new_recovered": 52}}, {"type": "Feature", "properties": {"death_rate": 0.368262470706394, "cases": 2987, "deaths": 11, "last_update": "29.10.2020, 00:00 Uhr", "GEN": "Berlin Friedrichshain-Kreuzberg", "cases_per_100k": 1058.99829468303, "cases_per_population": 1.05899829468303, "total_recovered": 3056, "new_recovered": 73}}, {"type": "Feature", "properties": {"death_rate": 0.966344551816061, "cases": 3001, "deaths": 29, "last_update": "29.10.2020, 00:00 Uhr", "GEN": "Berlin Tempelhof-Sch\u00f6neberg", "cases_per_100k": 878.070760624042, "cases_per_population": 0.878070760624042, "total_recovered": 2733, "new_recovered": 5}}]}}