{"_id": "a8f260e0b814436cba32ed5cfa034580", "_rev": "2-1a20aaa91bf75675c3893708d6a42d83", "date": "13.11.2020", "data": {"type": "FeatureCollection", "features": [{"type": "Feature", "properties": {"death_rate": 0.843759092231597, "cases": 3437, "deaths": 29, "last_update": "13.11.2020, 00:00 Uhr", "GEN": "Berlin Reinickendorf", "cases_per_100k": 1323.50619394738, "cases_per_population": 1.32350619394738, "total_recovered": 2399, "new_recovered": 5}}, {"type": "Feature", "properties": {"death_rate": 0.652489125181247, "cases": 4138, "deaths": 27, "last_update": "13.11.2020, 00:00 Uhr", "GEN": "Berlin Charlottenburg-Wilmersdorf", "cases_per_100k": 1237.43649091958, "cases_per_population": 1.23743649091958, "total_recovered": 3146, "new_recovered": 9}}, {"type": "Feature", "properties": {"death_rate": 0.746268656716418, "cases": 1742, "deaths": 13, "last_update": "13.11.2020, 00:00 Uhr", "GEN": "Berlin Treptow-K\u00f6penick", "cases_per_100k": 653.68797094053, "cases_per_population": 0.65368797094053, "total_recovered": 1047, "new_recovered": 0}}, {"type": "Feature", "properties": {"death_rate": 1.20752597584948, "cases": 3561, "deaths": 43, "last_update": "13.11.2020, 00:00 Uhr", "GEN": "Berlin Pankow", "cases_per_100k": 894.642695635571, "cases_per_population": 0.894642695635571, "total_recovered": 2934, "new_recovered": 13}}, {"type": "Feature", "properties": {"death_rate": 0.892857142857143, "cases": 6608, "deaths": 59, "last_update": "13.11.2020, 00:00 Uhr", "GEN": "Berlin Neuk\u00f6lln", "cases_per_100k": 2057.778483634, "cases_per_population": 2.057778483634, "total_recovered": 5393, "new_recovered": 22}}, {"type": "Feature", "properties": {"death_rate": 1.13885238720981, "cases": 2283, "deaths": 26, "last_update": "13.11.2020, 00:00 Uhr", "GEN": "Berlin Lichtenberg", "cases_per_100k": 796.797453598677, "cases_per_population": 0.796797453598676, "total_recovered": 1736, "new_recovered": 0}}, {"type": "Feature", "properties": {"death_rate": 0.659340659340659, "cases": 1820, "deaths": 12, "last_update": "13.11.2020, 00:00 Uhr", "GEN": "Berlin Marzahn-Hellersdorf", "cases_per_100k": 692.10205082767, "cases_per_population": 0.69210205082767, "total_recovered": 1559, "new_recovered": 8}}, {"type": "Feature", "properties": {"death_rate": 0.626151012891344, "cases": 2715, "deaths": 17, "last_update": "13.11.2020, 00:00 Uhr", "GEN": "Berlin Spandau", "cases_per_100k": 1135.89296248415, "cases_per_population": 1.13589296248415, "total_recovered": 2336, "new_recovered": 30}}, {"type": "Feature", "properties": {"death_rate": 0.668778599084829, "cases": 2841, "deaths": 19, "last_update": "13.11.2020, 00:00 Uhr", "GEN": "Berlin Steglitz-Zehlendorf", "cases_per_100k": 940.17744566926, "cases_per_population": 0.94017744566926, "total_recovered": 1611, "new_recovered": 0}}, {"type": "Feature", "properties": {"death_rate": 0.504825538233111, "cases": 6735, "deaths": 34, "last_update": "13.11.2020, 00:00 Uhr", "GEN": "Berlin Mitte", "cases_per_100k": 1794.86086163981, "cases_per_population": 1.79486086163981, "total_recovered": 4560, "new_recovered": 20}}, {"type": "Feature", "properties": {"death_rate": 0.457456541628545, "cases": 4372, "deaths": 20, "last_update": "13.11.2020, 00:00 Uhr", "GEN": "Berlin Friedrichshain-Kreuzberg", "cases_per_100k": 1550.03031280689, "cases_per_population": 1.55003031280689, "total_recovered": 3650, "new_recovered": 13}}, {"type": "Feature", "properties": {"death_rate": 0.721054800164812, "cases": 4854, "deaths": 35, "last_update": "13.11.2020, 00:00 Uhr", "GEN": "Berlin Tempelhof-Sch\u00f6neberg", "cases_per_100k": 1420.24507566448, "cases_per_population": 1.42024507566448, "total_recovered": 2966, "new_recovered": 1}}]}}