{"_id": "02663aa977a54ce3b326ebfae39dd014", "_rev": "4-083d9c081a304c4b3589977953202186", "date": "18.11.2020", "data": {"type": "FeatureCollection", "features": [{"type": "Feature", "properties": {"death_rate": 0.882429275888918, "cases": 3853, "deaths": 34, "last_update": "18.11.2020, 00:00 Uhr", "GEN": "Berlin Reinickendorf", "cases_per_100k": 1483.69780776236, "cases_per_population": 1.48369780776236, "total_recovered": 2413, "new_recovered": 1}}, {"type": "Feature", "properties": {"death_rate": 0.780741704619388, "cases": 4611, "deaths": 36, "last_update": "18.11.2020, 00:00 Uhr", "GEN": "Berlin Charlottenburg-Wilmersdorf", "cases_per_100k": 1378.88343635336, "cases_per_population": 1.37888343635336, "total_recovered": 3161, "new_recovered": 0}}, {"type": "Feature", "properties": {"death_rate": 0.766871165644172, "cases": 1956, "deaths": 15, "last_update": "18.11.2020, 00:00 Uhr", "GEN": "Berlin Treptow-K\u00f6penick", "cases_per_100k": 733.991774488908, "cases_per_population": 0.733991774488908, "total_recovered": 1048, "new_recovered": 0}}, {"type": "Feature", "properties": {"death_rate": 1.26806999746386, "cases": 3943, "deaths": 50, "last_update": "18.11.2020, 00:00 Uhr", "GEN": "Berlin Pankow", "cases_per_100k": 990.613914319308, "cases_per_population": 0.990613914319308, "total_recovered": 2946, "new_recovered": 0}}, {"type": "Feature", "properties": {"death_rate": 0.867914293463521, "cases": 7374, "deaths": 64, "last_update": "18.11.2020, 00:00 Uhr", "GEN": "Berlin Neuk\u00f6lln", "cases_per_100k": 2296.31636475743, "cases_per_population": 2.29631636475743, "total_recovered": 5442, "new_recovered": 3}}, {"type": "Feature", "properties": {"death_rate": 1.33740924722965, "cases": 2617, "deaths": 35, "last_update": "18.11.2020, 00:00 Uhr", "GEN": "Berlin Lichtenberg", "cases_per_100k": 913.367908921479, "cases_per_population": 0.913367908921479, "total_recovered": 1737, "new_recovered": 0}}, {"type": "Feature", "properties": {"death_rate": 0.725338491295938, "cases": 2068, "deaths": 15, "last_update": "18.11.2020, 00:00 Uhr", "GEN": "Berlin Marzahn-Hellersdorf", "cases_per_100k": 786.410462149243, "cases_per_population": 0.786410462149243, "total_recovered": 1596, "new_recovered": 5}}, {"type": "Feature", "properties": {"death_rate": 0.613695090439277, "cases": 3096, "deaths": 19, "last_update": "18.11.2020, 00:00 Uhr", "GEN": "Berlin Spandau", "cases_per_100k": 1295.29451633552, "cases_per_population": 1.29529451633552, "total_recovered": 2395, "new_recovered": 0}}, {"type": "Feature", "properties": {"death_rate": 0.627746390458255, "cases": 3186, "deaths": 20, "last_update": "18.11.2020, 00:00 Uhr", "GEN": "Berlin Steglitz-Zehlendorf", "cases_per_100k": 1054.34894118348, "cases_per_population": 1.05434894118348, "total_recovered": 1611, "new_recovered": 0}}, {"type": "Feature", "properties": {"death_rate": 0.486010771049521, "cases": 7613, "deaths": 37, "last_update": "18.11.2020, 00:00 Uhr", "GEN": "Berlin Mitte", "cases_per_100k": 2028.84569260043, "cases_per_population": 2.02884569260043, "total_recovered": 4562, "new_recovered": 0}}, {"type": "Feature", "properties": {"death_rate": 0.582362728785358, "cases": 4808, "deaths": 28, "last_update": "18.11.2020, 00:00 Uhr", "GEN": "Berlin Friedrichshain-Kreuzberg", "cases_per_100k": 1704.60790118379, "cases_per_population": 1.70460790118379, "total_recovered": 3669, "new_recovered": 0}}, {"type": "Feature", "properties": {"death_rate": 0.747356908494349, "cases": 5486, "deaths": 41, "last_update": "18.11.2020, 00:00 Uhr", "GEN": "Berlin Tempelhof-Sch\u00f6neberg", "cases_per_100k": 1605.16367636904, "cases_per_population": 1.60516367636904, "total_recovered": 2968, "new_recovered": 0}}]}}