{"_id": "3c1ccd5dda4b401baf4eb9a805675a7c", "_rev": "2-b42e167fd15910123a27681d12879af6", "date": "31.10.2020", "data": {"type": "FeatureCollection", "features": [{"type": "Feature", "properties": {"death_rate": 1.0313708637731, "cases": 2327, "deaths": 24, "last_update": "31.10.2020, 00:00 Uhr", "GEN": "Berlin Reinickendorf", "cases_per_100k": 896.07183977758, "cases_per_population": 0.89607183977758, "total_recovered": 2141, "new_recovered": 22}}, {"type": "Feature", "properties": {"death_rate": 0.842105263157895, "cases": 2850, "deaths": 24, "last_update": "31.10.2020, 00:00 Uhr", "GEN": "Berlin Charlottenburg-Wilmersdorf", "cases_per_100k": 852.270178617887, "cases_per_population": 0.852270178617887, "total_recovered": 2707, "new_recovered": 47}}, {"type": "Feature", "properties": {"death_rate": 0.999167360532889, "cases": 1201, "deaths": 12, "last_update": "31.10.2020, 00:00 Uhr", "GEN": "Berlin Treptow-K\u00f6penick", "cases_per_100k": 450.676953558884, "cases_per_population": 0.450676953558884, "total_recovered": 1012, "new_recovered": 0}}, {"type": "Feature", "properties": {"death_rate": 1.55228758169935, "cases": 2448, "deaths": 38, "last_update": "31.10.2020, 00:00 Uhr", "GEN": "Berlin Pankow", "cases_per_100k": 615.019746957562, "cases_per_population": 0.615019746957562, "total_recovered": 2291, "new_recovered": 0}}, {"type": "Feature", "properties": {"death_rate": 0.967809804334105, "cases": 4753, "deaths": 46, "last_update": "31.10.2020, 00:00 Uhr", "GEN": "Berlin Neuk\u00f6lln", "cases_per_100k": 1480.11821015623, "cases_per_population": 1.48011821015623, "total_recovered": 4473, "new_recovered": 0}}, {"type": "Feature", "properties": {"death_rate": 1.09114249037227, "cases": 1558, "deaths": 17, "last_update": "31.10.2020, 00:00 Uhr", "GEN": "Berlin Lichtenberg", "cases_per_100k": 543.762782613552, "cases_per_population": 0.543762782613551, "total_recovered": 1491, "new_recovered": 1}}, {"type": "Feature", "properties": {"death_rate": 0.734094616639478, "cases": 1226, "deaths": 9, "last_update": "31.10.2020, 00:00 Uhr", "GEN": "Berlin Marzahn-Hellersdorf", "cases_per_100k": 466.21819467842, "cases_per_population": 0.46621819467842, "total_recovered": 1210, "new_recovered": 22}}, {"type": "Feature", "properties": {"death_rate": 0.529100529100529, "cases": 1701, "deaths": 9, "last_update": "31.10.2020, 00:00 Uhr", "GEN": "Berlin Spandau", "cases_per_100k": 711.658905777365, "cases_per_population": 0.711658905777365, "total_recovered": 1784, "new_recovered": 41}}, {"type": "Feature", "properties": {"death_rate": 0.753012048192771, "cases": 1992, "deaths": 15, "last_update": "31.10.2020, 00:00 Uhr", "GEN": "Berlin Steglitz-Zehlendorf", "cases_per_100k": 659.216287142966, "cases_per_population": 0.659216287142966, "total_recovered": 1610, "new_recovered": 0}}, {"type": "Feature", "properties": {"death_rate": 0.425963488843813, "cases": 4930, "deaths": 21, "last_update": "31.10.2020, 00:00 Uhr", "GEN": "Berlin Mitte", "cases_per_100k": 1313.83282076975, "cases_per_population": 1.31383282076975, "total_recovered": 4396, "new_recovered": 0}}, {"type": "Feature", "properties": {"death_rate": 0.33587786259542, "cases": 3275, "deaths": 11, "last_update": "31.10.2020, 00:00 Uhr", "GEN": "Berlin Friedrichshain-Kreuzberg", "cases_per_100k": 1161.10459159254, "cases_per_population": 1.16110459159254, "total_recovered": 3166, "new_recovered": 25}}, {"type": "Feature", "properties": {"death_rate": 0.912236552374961, "cases": 3179, "deaths": 29, "last_update": "31.10.2020, 00:00 Uhr", "GEN": "Berlin Tempelhof-Sch\u00f6neberg", "cases_per_100k": 930.152265252859, "cases_per_population": 0.930152265252859, "total_recovered": 2746, "new_recovered": 4}}]}}