{"_id": "af84bb5c4fdc40118a9f9584eef82821", "_rev": "5-922622c7a497b0568583971b9d8d0389", "date": "26.11.2020", "data": {"type": "FeatureCollection", "features": [{"type": "Feature", "properties": {"death_rate": 0.93906966586591, "cases": 4579, "deaths": 43, "last_update": "26.11.2020, 00:00 Uhr", "recovered": null, "GEN": "Berlin Reinickendorf", "cases_per_100k": 1763.26297994909, "cases_per_population": 1.76326297994909, "total_recovered": 2931, "new_recovered": 0}}, {"type": "Feature", "properties": {"death_rate": 0.90310442144873, "cases": 5315, "deaths": 48, "last_update": "26.11.2020, 00:00 Uhr", "recovered": null, "GEN": "Berlin Charlottenburg-Wilmersdorf", "cases_per_100k": 1589.40912258038, "cases_per_population": 1.58940912258038, "total_recovered": 3921, "new_recovered": 0}}, {"type": "Feature", "properties": {"death_rate": 0.645161290322581, "cases": 2480, "deaths": 16, "last_update": "26.11.2020, 00:00 Uhr", "recovered": null, "GEN": "Berlin Treptow-K\u00f6penick", "cases_per_100k": 930.623517756897, "cases_per_population": 0.930623517756897, "total_recovered": 1319, "new_recovered": 0}}, {"type": "Feature", "properties": {"death_rate": 1.13441780821918, "cases": 4672, "deaths": 53, "last_update": "26.11.2020, 00:00 Uhr", "recovered": null, "GEN": "Berlin Pankow", "cases_per_100k": 1173.76317720005, "cases_per_population": 1.17376317720005, "total_recovered": 3534, "new_recovered": 0}}, {"type": "Feature", "properties": {"death_rate": 0.975552421250588, "cases": 8508, "deaths": 83, "last_update": "26.11.2020, 00:00 Uhr", "recovered": null, "GEN": "Berlin Neuk\u00f6lln", "cases_per_100k": 2649.45207910987, "cases_per_population": 2.64945207910987, "total_recovered": 6462, "new_recovered": 3}}, {"type": "Feature", "properties": {"death_rate": 1.19702361695244, "cases": 3091, "deaths": 37, "last_update": "26.11.2020, 00:00 Uhr", "recovered": null, "GEN": "Berlin Lichtenberg", "cases_per_100k": 1078.80023174486, "cases_per_population": 1.07880023174486, "total_recovered": 2073, "new_recovered": 1}}, {"type": "Feature", "properties": {"death_rate": 0.846805234795997, "cases": 2598, "deaths": 22, "last_update": "26.11.2020, 00:00 Uhr", "recovered": null, "GEN": "Berlin Marzahn-Hellersdorf", "cases_per_100k": 987.956663763894, "cases_per_population": 0.987956663763894, "total_recovered": 1984, "new_recovered": 1}}, {"type": "Feature", "properties": {"death_rate": 0.792028615227389, "cases": 3914, "deaths": 31, "last_update": "26.11.2020, 00:00 Uhr", "recovered": null, "GEN": "Berlin Spandau", "cases_per_100k": 1637.52672381694, "cases_per_population": 1.63752672381694, "total_recovered": 2976, "new_recovered": 5}}, {"type": "Feature", "properties": {"death_rate": 0.626409421197695, "cases": 3991, "deaths": 25, "last_update": "26.11.2020, 00:00 Uhr", "recovered": null, "GEN": "Berlin Steglitz-Zehlendorf", "cases_per_100k": 1320.74909738332, "cases_per_population": 1.32074909738332, "total_recovered": 2119, "new_recovered": 0}}, {"type": "Feature", "properties": {"death_rate": 0.457038391224863, "cases": 8752, "deaths": 40, "last_update": "26.11.2020, 00:00 Uhr", "recovered": null, "GEN": "Berlin Mitte", "cases_per_100k": 2332.38637877827, "cases_per_population": 2.33238637877827, "total_recovered": 5370, "new_recovered": 1}}, {"type": "Feature", "properties": {"death_rate": 0.588908882708981, "cases": 6113, "deaths": 36, "last_update": "26.11.2020, 00:00 Uhr", "recovered": null, "GEN": "Berlin Friedrichshain-Kreuzberg", "cases_per_100k": 2167.27705905502, "cases_per_population": 2.16727705905502, "total_recovered": 4736, "new_recovered": 0}}, {"type": "Feature", "properties": {"death_rate": 1.13132548539979, "cases": 6541, "deaths": 74, "last_update": "26.11.2020, 00:00 Uhr", "recovered": null, "GEN": "Berlin Tempelhof-Sch\u00f6neberg", "cases_per_100k": 1913.8489987477, "cases_per_population": 1.9138489987477, "total_recovered": 3820, "new_recovered": 0}}]}}