{"_id": "03efe2a5dad949d2a6a2a736dbe186a0", "_rev": "2-860107db458fa1dbe71929ff71240198", "date": "17.11.2020", "data": {"type": "FeatureCollection", "features": [{"type": "Feature", "properties": {"death_rate": 0.826226012793177, "cases": 3752, "deaths": 31, "last_update": "17.11.2020, 00:00 Uhr", "GEN": "Berlin Reinickendorf", "cases_per_100k": 1444.80513229286, "cases_per_population": 1.44480513229286, "total_recovered": 2412, "new_recovered": 4}}, {"type": "Feature", "properties": {"death_rate": 0.625838176128744, "cases": 4474, "deaths": 28, "last_update": "17.11.2020, 00:00 Uhr", "GEN": "Berlin Charlottenburg-Wilmersdorf", "cases_per_100k": 1337.91465934611, "cases_per_population": 1.33791465934611, "total_recovered": 3161, "new_recovered": 2}}, {"type": "Feature", "properties": {"death_rate": 0.782881002087683, "cases": 1916, "deaths": 15, "last_update": "17.11.2020, 00:00 Uhr", "GEN": "Berlin Treptow-K\u00f6penick", "cases_per_100k": 718.981717750893, "cases_per_population": 0.718981717750893, "total_recovered": 1048, "new_recovered": 1}}, {"type": "Feature", "properties": {"death_rate": 1.18452224269545, "cases": 3799, "deaths": 45, "last_update": "17.11.2020, 00:00 Uhr", "GEN": "Berlin Pankow", "cases_per_100k": 954.436282145334, "cases_per_population": 0.954436282145334, "total_recovered": 2946, "new_recovered": 5}}, {"type": "Feature", "properties": {"death_rate": 0.875335309896936, "cases": 7083, "deaths": 62, "last_update": "17.11.2020, 00:00 Uhr", "GEN": "Berlin Neuk\u00f6lln", "cases_per_100k": 2205.69688250297, "cases_per_population": 2.20569688250297, "total_recovered": 5439, "new_recovered": 7}}, {"type": "Feature", "properties": {"death_rate": 1.26382306477093, "cases": 2532, "deaths": 32, "last_update": "17.11.2020, 00:00 Uhr", "GEN": "Berlin Lichtenberg", "cases_per_100k": 883.701775081844, "cases_per_population": 0.883701775081844, "total_recovered": 1737, "new_recovered": 0}}, {"type": "Feature", "properties": {"death_rate": 0.753012048192771, "cases": 1992, "deaths": 15, "last_update": "17.11.2020, 00:00 Uhr", "GEN": "Berlin Marzahn-Hellersdorf", "cases_per_100k": 757.509497389406, "cases_per_population": 0.757509497389406, "total_recovered": 1591, "new_recovered": 8}}, {"type": "Feature", "properties": {"death_rate": 0.628722700198544, "cases": 3022, "deaths": 19, "last_update": "17.11.2020, 00:00 Uhr", "GEN": "Berlin Spandau", "cases_per_100k": 1264.33463448512, "cases_per_population": 1.26433463448512, "total_recovered": 2395, "new_recovered": 5}}, {"type": "Feature", "properties": {"death_rate": 0.627746390458255, "cases": 3186, "deaths": 20, "last_update": "17.11.2020, 00:00 Uhr", "GEN": "Berlin Steglitz-Zehlendorf", "cases_per_100k": 1054.34894118348, "cases_per_population": 1.05434894118348, "total_recovered": 1611, "new_recovered": 0}}, {"type": "Feature", "properties": {"death_rate": 0.493285831734722, "cases": 7298, "deaths": 36, "last_update": "17.11.2020, 00:00 Uhr", "GEN": "Berlin Mitte", "cases_per_100k": 1944.89897078654, "cases_per_population": 1.94489897078654, "total_recovered": 4562, "new_recovered": 0}}, {"type": "Feature", "properties": {"death_rate": 0.576307363927428, "cases": 4685, "deaths": 27, "last_update": "17.11.2020, 00:00 Uhr", "GEN": "Berlin Friedrichshain-Kreuzberg", "cases_per_100k": 1661.00000354536, "cases_per_population": 1.66100000354536, "total_recovered": 3669, "new_recovered": 4}}, {"type": "Feature", "properties": {"death_rate": 0.773584905660377, "cases": 5300, "deaths": 41, "last_update": "17.11.2020, 00:00 Uhr", "GEN": "Berlin Tempelhof-Sch\u00f6neberg", "cases_per_100k": 1550.74142995915, "cases_per_population": 1.55074142995915, "total_recovered": 2968, "new_recovered": 0}}]}}