{"_id": "b2cc2701c3244cd2a02d4945bca41eb8", "_rev": "5-013ade505a680fec77a818659397d91b", "date": "05.12.2020", "data": {"type": "FeatureCollection", "features": [{"type": "Feature", "properties": {"death_rate": 1.0778665675525, "cases": 5381, "deaths": 58, "last_update": "05.12.2020, 00:00 Uhr", "recovered": null, "GEN": "Berlin Reinickendorf", "cases_per_100k": 2072.09392773664, "cases_per_population": 2.07209392773664, "total_recovered": 3798, "new_recovered": 0}}, {"type": "Feature", "properties": {"death_rate": 0.966737669998361, "cases": 6103, "deaths": 59, "last_update": "05.12.2020, 00:00 Uhr", "recovered": null, "GEN": "Berlin Charlottenburg-Wilmersdorf", "cases_per_100k": 1825.05435091402, "cases_per_population": 1.82505435091402, "total_recovered": 4818, "new_recovered": 0}}, {"type": "Feature", "properties": {"death_rate": 0.65880721220527, "cases": 2884, "deaths": 19, "last_update": "05.12.2020, 00:00 Uhr", "recovered": null, "GEN": "Berlin Treptow-K\u00f6penick", "cases_per_100k": 1082.22509081084, "cases_per_population": 1.08222509081084, "total_recovered": 1667, "new_recovered": 0}}, {"type": "Feature", "properties": {"death_rate": 1.05924596050269, "cases": 5570, "deaths": 59, "last_update": "05.12.2020, 00:00 Uhr", "recovered": null, "GEN": "Berlin Pankow", "cases_per_100k": 1399.37091117386, "cases_per_population": 1.39937091117386, "total_recovered": 4143, "new_recovered": 0}}, {"type": "Feature", "properties": {"death_rate": 1.06326981787557, "cases": 9499, "deaths": 101, "last_update": "05.12.2020, 00:00 Uhr", "recovered": null, "GEN": "Berlin Neuk\u00f6lln", "cases_per_100k": 2958.05657022387, "cases_per_population": 2.95805657022387, "total_recovered": 7685, "new_recovered": 1}}, {"type": "Feature", "properties": {"death_rate": 1.29799891833423, "cases": 3698, "deaths": 48, "last_update": "05.12.2020, 00:00 Uhr", "recovered": null, "GEN": "Berlin Lichtenberg", "cases_per_100k": 1290.65132869378, "cases_per_population": 1.29065132869378, "total_recovered": 2568, "new_recovered": 0}}, {"type": "Feature", "properties": {"death_rate": 0.844155844155844, "cases": 3080, "deaths": 26, "last_update": "05.12.2020, 00:00 Uhr", "recovered": null, "GEN": "Berlin Marzahn-Hellersdorf", "cases_per_100k": 1171.2496244776, "cases_per_population": 1.1712496244776, "total_recovered": 2431, "new_recovered": 1}}, {"type": "Feature", "properties": {"death_rate": 1.02249488752556, "cases": 4890, "deaths": 50, "last_update": "05.12.2020, 00:00 Uhr", "recovered": null, "GEN": "Berlin Spandau", "cases_per_100k": 2045.86246281676, "cases_per_population": 2.04586246281676, "total_recovered": 3683, "new_recovered": 0}}, {"type": "Feature", "properties": {"death_rate": 0.561191452622491, "cases": 4633, "deaths": 26, "last_update": "05.12.2020, 00:00 Uhr", "recovered": null, "GEN": "Berlin Steglitz-Zehlendorf", "cases_per_100k": 1533.20735860108, "cases_per_population": 1.53320735860108, "total_recovered": 2733, "new_recovered": 0}}, {"type": "Feature", "properties": {"death_rate": 0.576428203808544, "cases": 9715, "deaths": 56, "last_update": "05.12.2020, 00:00 Uhr", "recovered": null, "GEN": "Berlin Mitte", "cases_per_100k": 2589.02349975216, "cases_per_population": 2.58902349975216, "total_recovered": 6543, "new_recovered": 0}}, {"type": "Feature", "properties": {"death_rate": 0.670651698498323, "cases": 6859, "deaths": 46, "last_update": "05.12.2020, 00:00 Uhr", "recovered": null, "GEN": "Berlin Friedrichshain-Kreuzberg", "cases_per_100k": 2431.76073091091, "cases_per_population": 2.43176073091091, "total_recovered": 5776, "new_recovered": 0}}, {"type": "Feature", "properties": {"death_rate": 1.46190987124464, "cases": 7456, "deaths": 109, "last_update": "05.12.2020, 00:00 Uhr", "recovered": null, "GEN": "Berlin Tempelhof-Sch\u00f6neberg", "cases_per_100k": 2181.57133995763, "cases_per_population": 2.18157133995763, "total_recovered": 5250, "new_recovered": 0}}]}}