{"_id": "833e3b35a8ff4f148529bcad61213082", "_rev": "5-a7ba5e343d11dc49407bc81104576572", "date": "10.12.2020", "data": {"type": "FeatureCollection", "features": [{"type": "Feature", "properties": {"death_rate": 1.37391304347826, "cases": 5750, "deaths": 79, "last_update": "10.12.2020, 00:00 Uhr", "recovered": null, "GEN": "Berlin Reinickendorf", "cases_per_100k": 2214.18696979849, "cases_per_population": 2.21418696979849, "total_recovered": 4322, "new_recovered": 2}}, {"type": "Feature", "properties": {"death_rate": 0.991345397324941, "cases": 6355, "deaths": 63, "last_update": "10.12.2020, 00:00 Uhr", "recovered": null, "GEN": "Berlin Charlottenburg-Wilmersdorf", "cases_per_100k": 1900.41297723392, "cases_per_population": 1.90041297723392, "total_recovered": 5227, "new_recovered": 0}}, {"type": "Feature", "properties": {"death_rate": 0.646551724137931, "cases": 3248, "deaths": 21, "last_update": "10.12.2020, 00:00 Uhr", "recovered": null, "GEN": "Berlin Treptow-K\u00f6penick", "cases_per_100k": 1218.81660712677, "cases_per_population": 1.21881660712678, "total_recovered": 1911, "new_recovered": 0}}, {"type": "Feature", "properties": {"death_rate": 1.07179312691392, "cases": 5878, "deaths": 63, "last_update": "10.12.2020, 00:00 Uhr", "recovered": null, "GEN": "Berlin Pankow", "cases_per_100k": 1476.75084665709, "cases_per_population": 1.47675084665709, "total_recovered": 4645, "new_recovered": 0}}, {"type": "Feature", "properties": {"death_rate": 1.10033009902971, "cases": 9997, "deaths": 110, "last_update": "10.12.2020, 00:00 Uhr", "recovered": null, "GEN": "Berlin Neuk\u00f6lln", "cases_per_100k": 3113.13733366965, "cases_per_population": 3.11313733366965, "total_recovered": 8466, "new_recovered": 8}}, {"type": "Feature", "properties": {"death_rate": 1.39381652306133, "cases": 3946, "deaths": 55, "last_update": "10.12.2020, 00:00 Uhr", "recovered": null, "GEN": "Berlin Lichtenberg", "cases_per_100k": 1377.20663683766, "cases_per_population": 1.37720663683766, "total_recovered": 2943, "new_recovered": 0}}, {"type": "Feature", "properties": {"death_rate": 0.799052974252737, "cases": 3379, "deaths": 27, "last_update": "10.12.2020, 00:00 Uhr", "recovered": null, "GEN": "Berlin Marzahn-Hellersdorf", "cases_per_100k": 1284.95210425643, "cases_per_population": 1.28495210425643, "total_recovered": 2678, "new_recovered": 0}}, {"type": "Feature", "properties": {"death_rate": 1.08390954961689, "cases": 5351, "deaths": 58, "last_update": "10.12.2020, 00:00 Uhr", "recovered": null, "GEN": "Berlin Spandau", "cases_per_100k": 2238.7341592091, "cases_per_population": 2.2387341592091, "total_recovered": 4141, "new_recovered": 0}}, {"type": "Feature", "properties": {"death_rate": 0.529204233633869, "cases": 5102, "deaths": 27, "last_update": "10.12.2020, 00:00 Uhr", "recovered": null, "GEN": "Berlin Steglitz-Zehlendorf", "cases_per_100k": 1688.41440612621, "cases_per_population": 1.68841440612621, "total_recovered": 3318, "new_recovered": 0}}, {"type": "Feature", "properties": {"death_rate": 0.659088738179387, "cases": 10469, "deaths": 69, "last_update": "10.12.2020, 00:00 Uhr", "recovered": null, "GEN": "Berlin Mitte", "cases_per_100k": 2789.96263704635, "cases_per_population": 2.78996263704635, "total_recovered": 7658, "new_recovered": 1}}, {"type": "Feature", "properties": {"death_rate": 0.652868453951938, "cases": 7199, "deaths": 47, "last_update": "10.12.2020, 00:00 Uhr", "recovered": null, "GEN": "Berlin Friedrichshain-Kreuzberg", "cases_per_100k": 2552.30288698464, "cases_per_population": 2.55230288698464, "total_recovered": 6300, "new_recovered": 1}}, {"type": "Feature", "properties": {"death_rate": 1.65016501650165, "cases": 7878, "deaths": 130, "last_update": "10.12.2020, 00:00 Uhr", "recovered": null, "GEN": "Berlin Tempelhof-Sch\u00f6neberg", "cases_per_100k": 2305.0454689091, "cases_per_population": 2.3050454689091, "total_recovered": 5927, "new_recovered": 2}}]}}