{"_id": "787a788e310c4a248f29afbbbc569607", "_rev": "2-a190788742259613bc43c67d03d45ac9", "date": "11.12.2020", "data": {"type": "FeatureCollection", "features": [{"type": "Feature", "properties": {"death_rate": 1.38083873167405, "cases": 5866, "deaths": 81, "last_update": "11.12.2020, 00:00 Uhr", "recovered": null, "GEN": "Berlin Reinickendorf", "cases_per_100k": 2258.85578518921, "cases_per_population": 2.25885578518921, "total_recovered": 4322, "new_recovered": 0}}, {"type": "Feature", "properties": {"death_rate": 1.02934398525119, "cases": 6509, "deaths": 67, "last_update": "11.12.2020, 00:00 Uhr", "recovered": null, "GEN": "Berlin Charlottenburg-Wilmersdorf", "cases_per_100k": 1946.46547109608, "cases_per_population": 1.94646547109608, "total_recovered": 5227, "new_recovered": 0}}, {"type": "Feature", "properties": {"death_rate": 0.620567375886525, "cases": 3384, "deaths": 21, "last_update": "11.12.2020, 00:00 Uhr", "recovered": null, "GEN": "Berlin Treptow-K\u00f6penick", "cases_per_100k": 1269.85080003602, "cases_per_population": 1.26985080003602, "total_recovered": 1911, "new_recovered": 0}}, {"type": "Feature", "properties": {"death_rate": 1.07794361525705, "cases": 6030, "deaths": 65, "last_update": "11.12.2020, 00:00 Uhr", "recovered": null, "GEN": "Berlin Pankow", "cases_per_100k": 1514.93834728517, "cases_per_population": 1.51493834728517, "total_recovered": 4645, "new_recovered": 0}}, {"type": "Feature", "properties": {"death_rate": 1.12570356472796, "cases": 10127, "deaths": 114, "last_update": "11.12.2020, 00:00 Uhr", "recovered": null, "GEN": "Berlin Neuk\u00f6lln", "cases_per_100k": 3153.62026388642, "cases_per_population": 3.15362026388642, "total_recovered": 8466, "new_recovered": 0}}, {"type": "Feature", "properties": {"death_rate": 1.36885846981178, "cases": 4091, "deaths": 56, "last_update": "11.12.2020, 00:00 Uhr", "recovered": null, "GEN": "Berlin Lichtenberg", "cases_per_100k": 1427.81357103468, "cases_per_population": 1.42781357103469, "total_recovered": 2943, "new_recovered": 0}}, {"type": "Feature", "properties": {"death_rate": 0.770988006853227, "cases": 3502, "deaths": 27, "last_update": "11.12.2020, 00:00 Uhr", "recovered": null, "GEN": "Berlin Marzahn-Hellersdorf", "cases_per_100k": 1331.72603406511, "cases_per_population": 1.33172603406511, "total_recovered": 2679, "new_recovered": 1}}, {"type": "Feature", "properties": {"death_rate": 1.06853352984525, "cases": 5428, "deaths": 58, "last_update": "11.12.2020, 00:00 Uhr", "recovered": null, "GEN": "Berlin Spandau", "cases_per_100k": 2270.94917140478, "cases_per_population": 2.27094917140478, "total_recovered": 4141, "new_recovered": 0}}, {"type": "Feature", "properties": {"death_rate": 0.513015390461714, "cases": 5263, "deaths": 27, "last_update": "11.12.2020, 00:00 Uhr", "recovered": null, "GEN": "Berlin Steglitz-Zehlendorf", "cases_per_100k": 1741.69443736618, "cases_per_population": 1.74169443736618, "total_recovered": 3318, "new_recovered": 0}}, {"type": "Feature", "properties": {"death_rate": 0.666478926124096, "cases": 10653, "deaths": 71, "last_update": "11.12.2020, 00:00 Uhr", "recovered": null, "GEN": "Berlin Mitte", "cases_per_100k": 2838.99818248685, "cases_per_population": 2.83899818248685, "total_recovered": 7658, "new_recovered": 0}}, {"type": "Feature", "properties": {"death_rate": 0.669856459330144, "cases": 7315, "deaths": 49, "last_update": "11.12.2020, 00:00 Uhr", "recovered": null, "GEN": "Berlin Friedrichshain-Kreuzberg", "cases_per_100k": 2593.42903435097, "cases_per_population": 2.59342903435097, "total_recovered": 6300, "new_recovered": 0}}, {"type": "Feature", "properties": {"death_rate": 1.64260826281732, "cases": 8036, "deaths": 132, "last_update": "11.12.2020, 00:00 Uhr", "recovered": null, "GEN": "Berlin Tempelhof-Sch\u00f6neberg", "cases_per_100k": 2351.27511908524, "cases_per_population": 2.35127511908524, "total_recovered": 5927, "new_recovered": 0}}]}}