{"_id": "666c18dcf6c344d1b16cb7404c02441f", "_rev": "5-913f71ed7e6d7bb8135595953803a39e", "date": "21.11.2020", "data": {"type": "FeatureCollection", "features": [{"type": "Feature", "properties": {"death_rate": 0.917652740883844, "cases": 4141, "deaths": 38, "last_update": "21.11.2020, 00:00 Uhr", "recovered": null, "GEN": "Berlin Reinickendorf", "cases_per_100k": 1594.59969424966, "cases_per_population": 1.59459969424966, "total_recovered": 2525, "new_recovered": 0}}, {"type": "Feature", "properties": {"death_rate": 0.834181078331638, "cases": 4915, "deaths": 41, "last_update": "21.11.2020, 00:00 Uhr", "recovered": null, "GEN": "Berlin Charlottenburg-Wilmersdorf", "cases_per_100k": 1469.79225540593, "cases_per_population": 1.46979225540593, "total_recovered": 3388, "new_recovered": 0}}, {"type": "Feature", "properties": {"death_rate": 0.720720720720721, "cases": 2220, "deaths": 16, "last_update": "21.11.2020, 00:00 Uhr", "recovered": null, "GEN": "Berlin Treptow-K\u00f6penick", "cases_per_100k": 833.058148959803, "cases_per_population": 0.833058148959803, "total_recovered": 1087, "new_recovered": 0}}, {"type": "Feature", "properties": {"death_rate": 1.21922626025791, "cases": 4265, "deaths": 52, "last_update": "21.11.2020, 00:00 Uhr", "recovered": null, "GEN": "Berlin Pankow", "cases_per_100k": 1071.51111959722, "cases_per_population": 1.07151111959722, "total_recovered": 3126, "new_recovered": 0}}, {"type": "Feature", "properties": {"death_rate": 0.870332996972755, "cases": 7928, "deaths": 69, "last_update": "21.11.2020, 00:00 Uhr", "recovered": null, "GEN": "Berlin Neuk\u00f6lln", "cases_per_100k": 2468.83592891197, "cases_per_population": 2.46883592891197, "total_recovered": 5680, "new_recovered": 0}}, {"type": "Feature", "properties": {"death_rate": 1.30057803468208, "cases": 2768, "deaths": 36, "last_update": "21.11.2020, 00:00 Uhr", "recovered": null, "GEN": "Berlin Lichtenberg", "cases_per_100k": 966.068923154243, "cases_per_population": 0.966068923154243, "total_recovered": 1841, "new_recovered": 0}}, {"type": "Feature", "properties": {"death_rate": 0.744960560911481, "cases": 2282, "deaths": 17, "last_update": "21.11.2020, 00:00 Uhr", "recovered": null, "GEN": "Berlin Marzahn-Hellersdorf", "cases_per_100k": 867.78949449931, "cases_per_population": 0.86778949449931, "total_recovered": 1731, "new_recovered": 1}}, {"type": "Feature", "properties": {"death_rate": 0.653789004457652, "cases": 3365, "deaths": 22, "last_update": "21.11.2020, 00:00 Uhr", "recovered": null, "GEN": "Berlin Spandau", "cases_per_100k": 1407.83787062953, "cases_per_population": 1.40783787062953, "total_recovered": 2619, "new_recovered": 0}}, {"type": "Feature", "properties": {"death_rate": 0.656634746922025, "cases": 3655, "deaths": 24, "last_update": "21.11.2020, 00:00 Uhr", "recovered": null, "GEN": "Berlin Steglitz-Zehlendorf", "cases_per_100k": 1209.5559887086, "cases_per_population": 1.2095559887086, "total_recovered": 1762, "new_recovered": 0}}, {"type": "Feature", "properties": {"death_rate": 0.46352768968041, "cases": 8198, "deaths": 38, "last_update": "21.11.2020, 00:00 Uhr", "recovered": null, "GEN": "Berlin Mitte", "cases_per_100k": 2184.74674739765, "cases_per_population": 2.18474674739765, "total_recovered": 4792, "new_recovered": 0}}, {"type": "Feature", "properties": {"death_rate": 0.586940572267058, "cases": 5452, "deaths": 32, "last_update": "21.11.2020, 00:00 Uhr", "recovered": null, "GEN": "Berlin Friedrichshain-Kreuzberg", "cases_per_100k": 1932.92892621756, "cases_per_population": 1.93292892621756, "total_recovered": 4093, "new_recovered": 1}}, {"type": "Feature", "properties": {"death_rate": 0.960713673014239, "cases": 5829, "deaths": 56, "last_update": "21.11.2020, 00:00 Uhr", "recovered": null, "GEN": "Berlin Tempelhof-Sch\u00f6neberg", "cases_per_100k": 1705.52298023244, "cases_per_population": 1.70552298023244, "total_recovered": 3138, "new_recovered": 0}}]}}