{"_id": "48a32289fa624d199cad36c0340a603e", "_rev": "6-1a8ada42ac0c35e738af24242efdebad", "date": "20.11.2020", "data": {"type": "FeatureCollection", "features": [{"type": "Feature", "properties": {"death_rate": 0.915841584158416, "cases": 4040, "deaths": 37, "last_update": "20.11.2020, 00:00 Uhr", "recovered": null, "GEN": "Berlin Reinickendorf", "cases_per_100k": 1555.70701878016, "cases_per_population": 1.55570701878016, "total_recovered": 2492, "new_recovered": 0}}, {"type": "Feature", "properties": {"death_rate": 0.810642278112659, "cases": 4811, "deaths": 39, "last_update": "20.11.2020, 00:00 Uhr", "recovered": null, "GEN": "Berlin Charlottenburg-Wilmersdorf", "cases_per_100k": 1438.69186994058, "cases_per_population": 1.43869186994058, "total_recovered": 3281, "new_recovered": 1}}, {"type": "Feature", "properties": {"death_rate": 0.75223319228961, "cases": 2127, "deaths": 16, "last_update": "20.11.2020, 00:00 Uhr", "recovered": null, "GEN": "Berlin Treptow-K\u00f6penick", "cases_per_100k": 798.159767043919, "cases_per_population": 0.798159767043919, "total_recovered": 1050, "new_recovered": 0}}, {"type": "Feature", "properties": {"death_rate": 1.21226527216544, "cases": 4207, "deaths": 51, "last_update": "20.11.2020, 00:00 Uhr", "recovered": null, "GEN": "Berlin Pankow", "cases_per_100k": 1056.93957330493, "cases_per_population": 1.05693957330493, "total_recovered": 3012, "new_recovered": 0}}, {"type": "Feature", "properties": {"death_rate": 0.854479544277576, "cases": 7724, "deaths": 66, "last_update": "20.11.2020, 00:00 Uhr", "recovered": null, "GEN": "Berlin Neuk\u00f6lln", "cases_per_100k": 2405.3088691872, "cases_per_population": 2.4053088691872, "total_recovered": 5617, "new_recovered": 2}}, {"type": "Feature", "properties": {"death_rate": 1.29151291512915, "cases": 2710, "deaths": 35, "last_update": "20.11.2020, 00:00 Uhr", "recovered": null, "GEN": "Berlin Lichtenberg", "cases_per_100k": 945.826149475433, "cases_per_population": 0.945826149475433, "total_recovered": 1800, "new_recovered": 0}}, {"type": "Feature", "properties": {"death_rate": 0.767148014440433, "cases": 2216, "deaths": 17, "last_update": "20.11.2020, 00:00 Uhr", "recovered": null, "GEN": "Berlin Marzahn-Hellersdorf", "cases_per_100k": 842.691288260504, "cases_per_population": 0.842691288260504, "total_recovered": 1669, "new_recovered": 0}}, {"type": "Feature", "properties": {"death_rate": 0.595611285266458, "cases": 3190, "deaths": 19, "last_update": "20.11.2020, 00:00 Uhr", "recovered": null, "GEN": "Berlin Spandau", "cases_per_100k": 1334.62193382116, "cases_per_population": 1.33462193382116, "total_recovered": 2555, "new_recovered": 1}}, {"type": "Feature", "properties": {"death_rate": 0.61780398764392, "cases": 3561, "deaths": 22, "last_update": "20.11.2020, 00:00 Uhr", "recovered": null, "GEN": "Berlin Steglitz-Zehlendorf", "cases_per_100k": 1178.44839282937, "cases_per_population": 1.17844839282937, "total_recovered": 1681, "new_recovered": 0}}, {"type": "Feature", "properties": {"death_rate": 0.475773131338425, "cases": 7987, "deaths": 38, "last_update": "20.11.2020, 00:00 Uhr", "recovered": null, "GEN": "Berlin Mitte", "cases_per_100k": 2128.51576865882, "cases_per_population": 2.12851576865882, "total_recovered": 4643, "new_recovered": 0}}, {"type": "Feature", "properties": {"death_rate": 0.578265204386839, "cases": 5015, "deaths": 29, "last_update": "20.11.2020, 00:00 Uhr", "recovered": null, "GEN": "Berlin Friedrichshain-Kreuzberg", "cases_per_100k": 1777.99680208751, "cases_per_population": 1.77799680208751, "total_recovered": 3971, "new_recovered": 1}}, {"type": "Feature", "properties": {"death_rate": 0.925440894010826, "cases": 5727, "deaths": 53, "last_update": "20.11.2020, 00:00 Uhr", "recovered": null, "GEN": "Berlin Tempelhof-Sch\u00f6neberg", "cases_per_100k": 1675.67852252379, "cases_per_population": 1.67567852252379, "total_recovered": 3034, "new_recovered": 0}}]}}