{"_id": "7038637333194ea3a04369f0ff59be52", "_rev": "5-79559cbbdd19fed8510258bb10263c7e", "date": "25.11.2020", "data": {"type": "FeatureCollection", "features": [{"type": "Feature", "properties": {"death_rate": 0.967379077615298, "cases": 4445, "deaths": 43, "last_update": "25.11.2020, 00:00 Uhr", "recovered": null, "GEN": "Berlin Reinickendorf", "cases_per_100k": 1711.66279665292, "cases_per_population": 1.71166279665292, "total_recovered": 2858, "new_recovered": 1}}, {"type": "Feature", "properties": {"death_rate": 0.92201306185171, "cases": 5206, "deaths": 48, "last_update": "25.11.2020, 00:00 Uhr", "recovered": null, "GEN": "Berlin Charlottenburg-Wilmersdorf", "cases_per_100k": 1556.81352627534, "cases_per_population": 1.55681352627534, "total_recovered": 3832, "new_recovered": 2}}, {"type": "Feature", "properties": {"death_rate": 0.666944560233431, "cases": 2399, "deaths": 16, "last_update": "25.11.2020, 00:00 Uhr", "recovered": null, "GEN": "Berlin Treptow-K\u00f6penick", "cases_per_100k": 900.228152862418, "cases_per_population": 0.900228152862418, "total_recovered": 1317, "new_recovered": 0}}, {"type": "Feature", "properties": {"death_rate": 1.1620258715194, "cases": 4561, "deaths": 53, "last_update": "25.11.2020, 00:00 Uhr", "recovered": null, "GEN": "Berlin Pankow", "cases_per_100k": 1145.87625239928, "cases_per_population": 1.14587625239928, "total_recovered": 3477, "new_recovered": 3}}, {"type": "Feature", "properties": {"death_rate": 0.969579444915768, "cases": 8251, "deaths": 80, "last_update": "25.11.2020, 00:00 Uhr", "recovered": null, "GEN": "Berlin Neuk\u00f6lln", "cases_per_100k": 2569.42044014287, "cases_per_population": 2.56942044014287, "total_recovered": 6408, "new_recovered": 4}}, {"type": "Feature", "properties": {"death_rate": 1.22923588039867, "cases": 3010, "deaths": 37, "last_update": "25.11.2020, 00:00 Uhr", "recovered": null, "GEN": "Berlin Lichtenberg", "cases_per_100k": 1050.53015126238, "cases_per_population": 1.05053015126238, "total_recovered": 2042, "new_recovered": 0}}, {"type": "Feature", "properties": {"death_rate": 0.76, "cases": 2500, "deaths": 19, "last_update": "25.11.2020, 00:00 Uhr", "recovered": null, "GEN": "Berlin Marzahn-Hellersdorf", "cases_per_100k": 950.689630257789, "cases_per_population": 0.950689630257789, "total_recovered": 1949, "new_recovered": 1}}, {"type": "Feature", "properties": {"death_rate": 0.77271516120437, "cases": 3753, "deaths": 29, "last_update": "25.11.2020, 00:00 Uhr", "recovered": null, "GEN": "Berlin Spandau", "cases_per_100k": 1570.16806195323, "cases_per_population": 1.57016806195323, "total_recovered": 2921, "new_recovered": 3}}, {"type": "Feature", "properties": {"death_rate": 0.644329896907216, "cases": 3880, "deaths": 25, "last_update": "25.11.2020, 00:00 Uhr", "recovered": null, "GEN": "Berlin Steglitz-Zehlendorf", "cases_per_100k": 1284.01565969614, "cases_per_population": 1.28401565969614, "total_recovered": 2098, "new_recovered": 0}}, {"type": "Feature", "properties": {"death_rate": 0.44382153702406, "cases": 8562, "deaths": 38, "last_update": "25.11.2020, 00:00 Uhr", "recovered": null, "GEN": "Berlin Mitte", "cases_per_100k": 2281.75184816037, "cases_per_population": 2.28175184816037, "total_recovered": 5345, "new_recovered": 0}}, {"type": "Feature", "properties": {"death_rate": 0.588631012445341, "cases": 5946, "deaths": 35, "last_update": "25.11.2020, 00:00 Uhr", "recovered": null, "GEN": "Berlin Friedrichshain-Kreuzberg", "cases_per_100k": 2108.06958827763, "cases_per_population": 2.10806958827763, "total_recovered": 4607, "new_recovered": 2}}, {"type": "Feature", "properties": {"death_rate": 1.07627515208236, "cases": 6411, "deaths": 69, "last_update": "25.11.2020, 00:00 Uhr", "recovered": null, "GEN": "Berlin Tempelhof-Sch\u00f6neberg", "cases_per_100k": 1875.81194480531, "cases_per_population": 1.87581194480531, "total_recovered": 3684, "new_recovered": 2}}]}}