{"_id": "e2fd0dce48344d2081582cf7d135dd73", "_rev": "2-53f4212445d36c90d00babafd692c7b3", "date": "10.11.2020", "data": {"type": "FeatureCollection", "features": [{"type": "Feature", "properties": {"death_rate": 0.945857795172864, "cases": 3066, "deaths": 29, "last_update": "10.11.2020, 00:00 Uhr", "GEN": "Berlin Reinickendorf", "cases_per_100k": 1180.64299989603, "cases_per_population": 1.18064299989603, "total_recovered": 2364, "new_recovered": 12}}, {"type": "Feature", "properties": {"death_rate": 0.69537309441027, "cases": 3739, "deaths": 26, "last_update": "10.11.2020, 00:00 Uhr", "GEN": "Berlin Charlottenburg-Wilmersdorf", "cases_per_100k": 1118.11866591308, "cases_per_population": 1.11811866591308, "total_recovered": 3073, "new_recovered": 27}}, {"type": "Feature", "properties": {"death_rate": 0.762388818297332, "cases": 1574, "deaths": 12, "last_update": "10.11.2020, 00:00 Uhr", "GEN": "Berlin Treptow-K\u00f6penick", "cases_per_100k": 590.645732640869, "cases_per_population": 0.590645732640869, "total_recovered": 1042, "new_recovered": 1}}, {"type": "Feature", "properties": {"death_rate": 1.24680306905371, "cases": 3128, "deaths": 39, "last_update": "10.11.2020, 00:00 Uhr", "GEN": "Berlin Pankow", "cases_per_100k": 785.858565556884, "cases_per_population": 0.785858565556884, "total_recovered": 2855, "new_recovered": 44}}, {"type": "Feature", "properties": {"death_rate": 0.912711583139728, "cases": 6026, "deaths": 55, "last_update": "10.11.2020, 00:00 Uhr", "GEN": "Berlin Neuk\u00f6lln", "cases_per_100k": 1876.53951912507, "cases_per_population": 1.87653951912507, "total_recovered": 5282, "new_recovered": 62}}, {"type": "Feature", "properties": {"death_rate": 1.21065375302663, "cases": 2065, "deaths": 25, "last_update": "10.11.2020, 00:00 Uhr", "GEN": "Berlin Lichtenberg", "cases_per_100k": 720.712545633494, "cases_per_population": 0.720712545633494, "total_recovered": 1735, "new_recovered": 1}}, {"type": "Feature", "properties": {"death_rate": 0.613496932515337, "cases": 1630, "deaths": 10, "last_update": "10.11.2020, 00:00 Uhr", "GEN": "Berlin Marzahn-Hellersdorf", "cases_per_100k": 619.849638928078, "cases_per_population": 0.619849638928078, "total_recovered": 1496, "new_recovered": 27}}, {"type": "Feature", "properties": {"death_rate": 0.536746490503716, "cases": 2422, "deaths": 13, "last_update": "10.11.2020, 00:00 Uhr", "GEN": "Berlin Spandau", "cases_per_100k": 1013.30856542785, "cases_per_population": 1.01330856542785, "total_recovered": 2218, "new_recovered": 42}}, {"type": "Feature", "properties": {"death_rate": 0.647865853658537, "cases": 2624, "deaths": 17, "last_update": "10.11.2020, 00:00 Uhr", "GEN": "Berlin Steglitz-Zehlendorf", "cases_per_100k": 868.365229650172, "cases_per_population": 0.868365229650172, "total_recovered": 1610, "new_recovered": 0}}, {"type": "Feature", "properties": {"death_rate": 0.409416581371546, "cases": 5862, "deaths": 24, "last_update": "10.11.2020, 00:00 Uhr", "GEN": "Berlin Mitte", "cases_per_100k": 1562.20851832704, "cases_per_population": 1.56220851832704, "total_recovered": 4526, "new_recovered": 7}}, {"type": "Feature", "properties": {"death_rate": 0.422780402884855, "cases": 4021, "deaths": 17, "last_update": "10.11.2020, 00:00 Uhr", "GEN": "Berlin Friedrichshain-Kreuzberg", "cases_per_100k": 1425.58826344843, "cases_per_population": 1.42558826344843, "total_recovered": 3584, "new_recovered": 32}}, {"type": "Feature", "properties": {"death_rate": 0.790146409481757, "cases": 4303, "deaths": 34, "last_update": "10.11.2020, 00:00 Uhr", "GEN": "Berlin Tempelhof-Sch\u00f6neberg", "cases_per_100k": 1259.02648549325, "cases_per_population": 1.25902648549325, "total_recovered": 2957, "new_recovered": 6}}]}}