{"_id": "8e66f97c40b7415bae5b9907863e53c9", "_rev": "2-1d960256ad6eb79f1a3731f5b7c38a70", "date": "09.11.2020", "data": {"type": "FeatureCollection", "features": [{"type": "Feature", "properties": {"death_rate": 0.956284153005465, "cases": 2928, "deaths": 28, "last_update": "09.11.2020, 00:00 Uhr", "GEN": "Berlin Reinickendorf", "cases_per_100k": 1127.50251262087, "cases_per_population": 1.12750251262087, "total_recovered": 2352, "new_recovered": 17}}, {"type": "Feature", "properties": {"death_rate": 0.714874896893044, "cases": 3637, "deaths": 26, "last_update": "09.11.2020, 00:00 Uhr", "GEN": "Berlin Charlottenburg-Wilmersdorf", "cases_per_100k": 1087.6163647836, "cases_per_population": 1.0876163647836, "total_recovered": 3046, "new_recovered": 39}}, {"type": "Feature", "properties": {"death_rate": 0.779727095516569, "cases": 1539, "deaths": 12, "last_update": "09.11.2020, 00:00 Uhr", "GEN": "Berlin Treptow-K\u00f6penick", "cases_per_100k": 577.511932995107, "cases_per_population": 0.577511932995107, "total_recovered": 1041, "new_recovered": 2}}, {"type": "Feature", "properties": {"death_rate": 1.28840436075322, "cases": 3027, "deaths": 39, "last_update": "09.11.2020, 00:00 Uhr", "GEN": "Berlin Pankow", "cases_per_100k": 760.48397632375, "cases_per_population": 0.76048397632375, "total_recovered": 2811, "new_recovered": 92}}, {"type": "Feature", "properties": {"death_rate": 0.934738273283481, "cases": 5884, "deaths": 55, "last_update": "09.11.2020, 00:00 Uhr", "GEN": "Berlin Neuk\u00f6lln", "cases_per_100k": 1832.31970304214, "cases_per_population": 1.83231970304214, "total_recovered": 5220, "new_recovered": 101}}, {"type": "Feature", "properties": {"death_rate": 1.17227319062181, "cases": 1962, "deaths": 23, "last_update": "09.11.2020, 00:00 Uhr", "GEN": "Berlin Lichtenberg", "cases_per_100k": 684.764171686642, "cases_per_population": 0.684764171686642, "total_recovered": 1734, "new_recovered": 25}}, {"type": "Feature", "properties": {"death_rate": 0.5625, "cases": 1600, "deaths": 9, "last_update": "09.11.2020, 00:00 Uhr", "GEN": "Berlin Marzahn-Hellersdorf", "cases_per_100k": 608.441363364985, "cases_per_population": 0.608441363364985, "total_recovered": 1469, "new_recovered": 20}}, {"type": "Feature", "properties": {"death_rate": 0.536746490503716, "cases": 2422, "deaths": 13, "last_update": "09.11.2020, 00:00 Uhr", "GEN": "Berlin Spandau", "cases_per_100k": 1013.30856542785, "cases_per_population": 1.01330856542785, "total_recovered": 2176, "new_recovered": 2}}, {"type": "Feature", "properties": {"death_rate": 0.66045066045066, "cases": 2574, "deaths": 17, "last_update": "09.11.2020, 00:00 Uhr", "GEN": "Berlin Steglitz-Zehlendorf", "cases_per_100k": 851.818636097387, "cases_per_population": 0.851818636097387, "total_recovered": 1610, "new_recovered": 0}}, {"type": "Feature", "properties": {"death_rate": 0.413080895008606, "cases": 5810, "deaths": 24, "last_update": "09.11.2020, 00:00 Uhr", "GEN": "Berlin Mitte", "cases_per_100k": 1548.3506467895, "cases_per_population": 1.5483506467895, "total_recovered": 4519, "new_recovered": 5}}, {"type": "Feature", "properties": {"death_rate": 0.423940149625935, "cases": 4010, "deaths": 17, "last_update": "09.11.2020, 00:00 Uhr", "GEN": "Berlin Friedrichshain-Kreuzberg", "cases_per_100k": 1421.68837016369, "cases_per_population": 1.42168837016369, "total_recovered": 3552, "new_recovered": 18}}, {"type": "Feature", "properties": {"death_rate": 0.756322382415505, "cases": 4231, "deaths": 32, "last_update": "09.11.2020, 00:00 Uhr", "GEN": "Berlin Tempelhof-Sch\u00f6neberg", "cases_per_100k": 1237.95980946362, "cases_per_population": 1.23795980946362, "total_recovered": 2951, "new_recovered": 8}}]}}