{"_id": "ef60fed3dd13469abec7b865874ef160", "_rev": "4-9f7ee19dd252a09c68a39fe1dea6cde6", "date": "29.11.2020", "data": {"type": "FeatureCollection", "features": [{"type": "Feature", "properties": {"death_rate": 0.943198490882414, "cases": 4771, "deaths": 45, "last_update": "29.11.2020, 00:00 Uhr", "recovered": null, "GEN": "Berlin Reinickendorf", "cases_per_100k": 1837.19757094063, "cases_per_population": 1.83719757094063, "total_recovered": 3072, "new_recovered": 0}}, {"type": "Feature", "properties": {"death_rate": 0.89863407620417, "cases": 5564, "deaths": 50, "last_update": "29.11.2020, 00:00 Uhr", "recovered": null, "GEN": "Berlin Charlottenburg-Wilmersdorf", "cases_per_100k": 1663.87062239646, "cases_per_population": 1.66387062239646, "total_recovered": 4100, "new_recovered": 0}}, {"type": "Feature", "properties": {"death_rate": 0.635930047694754, "cases": 2516, "deaths": 16, "last_update": "29.11.2020, 00:00 Uhr", "recovered": null, "GEN": "Berlin Treptow-K\u00f6penick", "cases_per_100k": 944.13256882111, "cases_per_population": 0.94413256882111, "total_recovered": 1381, "new_recovered": 0}}, {"type": "Feature", "properties": {"death_rate": 1.09823062843197, "cases": 4917, "deaths": 54, "last_update": "29.11.2020, 00:00 Uhr", "recovered": null, "GEN": "Berlin Pankow", "cases_per_100k": 1235.31539860716, "cases_per_population": 1.23531539860716, "total_recovered": 3632, "new_recovered": 0}}, {"type": "Feature", "properties": {"death_rate": 1.00296330066104, "cases": 8774, "deaths": 88, "last_update": "29.11.2020, 00:00 Uhr", "recovered": null, "GEN": "Berlin Neuk\u00f6lln", "cases_per_100k": 2732.2863824765, "cases_per_population": 2.7322863824765, "total_recovered": 6781, "new_recovered": 0}}, {"type": "Feature", "properties": {"death_rate": 1.22249388753056, "cases": 3272, "deaths": 40, "last_update": "29.11.2020, 00:00 Uhr", "recovered": null, "GEN": "Berlin Lichtenberg", "cases_per_100k": 1141.97164615632, "cases_per_population": 1.14197164615632, "total_recovered": 2156, "new_recovered": 0}}, {"type": "Feature", "properties": {"death_rate": 0.842490842490843, "cases": 2730, "deaths": 23, "last_update": "29.11.2020, 00:00 Uhr", "recovered": null, "GEN": "Berlin Marzahn-Hellersdorf", "cases_per_100k": 1038.15307624151, "cases_per_population": 1.03815307624151, "total_recovered": 2074, "new_recovered": 0}}, {"type": "Feature", "properties": {"death_rate": 0.784220532319392, "cases": 4208, "deaths": 33, "last_update": "29.11.2020, 00:00 Uhr", "recovered": null, "GEN": "Berlin Spandau", "cases_per_100k": 1760.529497655, "cases_per_population": 1.760529497655, "total_recovered": 3138, "new_recovered": 0}}, {"type": "Feature", "properties": {"death_rate": 0.622158411103135, "cases": 4179, "deaths": 26, "last_update": "29.11.2020, 00:00 Uhr", "recovered": null, "GEN": "Berlin Steglitz-Zehlendorf", "cases_per_100k": 1382.96428914179, "cases_per_population": 1.38296428914179, "total_recovered": 2202, "new_recovered": 0}}, {"type": "Feature", "properties": {"death_rate": 0.486887241341153, "cases": 9037, "deaths": 44, "last_update": "29.11.2020, 00:00 Uhr", "recovered": null, "GEN": "Berlin Mitte", "cases_per_100k": 2408.33817470512, "cases_per_population": 2.40833817470512, "total_recovered": 5604, "new_recovered": 0}}, {"type": "Feature", "properties": {"death_rate": 0.652139335135995, "cases": 6287, "deaths": 41, "last_update": "29.11.2020, 00:00 Uhr", "recovered": null, "GEN": "Berlin Friedrichshain-Kreuzberg", "cases_per_100k": 2228.96628010452, "cases_per_population": 2.22896628010452, "total_recovered": 5030, "new_recovered": 0}}, {"type": "Feature", "properties": {"death_rate": 1.16022910853282, "cases": 6809, "deaths": 79, "last_update": "29.11.2020, 00:00 Uhr", "recovered": null, "GEN": "Berlin Tempelhof-Sch\u00f6neberg", "cases_per_100k": 1992.26384841356, "cases_per_population": 1.99226384841356, "total_recovered": 4068, "new_recovered": 0}}]}}