{"_id": "40ab3ffce1bb455bab75724e52344f0f", "_rev": "2-58e069a9d343450c98212cbb6bd569a4", "date": "16.11.2020", "data": {"type": "FeatureCollection", "features": [{"type": "Feature", "properties": {"death_rate": 0.834454912516824, "cases": 3715, "deaths": 31, "last_update": "16.11.2020, 00:00 Uhr", "GEN": "Berlin Reinickendorf", "cases_per_100k": 1430.5573204872, "cases_per_population": 1.4305573204872, "total_recovered": 2408, "new_recovered": 3}}, {"type": "Feature", "properties": {"death_rate": 0.643382352941176, "cases": 4352, "deaths": 28, "last_update": "16.11.2020, 00:00 Uhr", "GEN": "Berlin Charlottenburg-Wilmersdorf", "cases_per_100k": 1301.43151485791, "cases_per_population": 1.30143151485791, "total_recovered": 3159, "new_recovered": 5}}, {"type": "Feature", "properties": {"death_rate": 0.802139037433155, "cases": 1870, "deaths": 15, "last_update": "16.11.2020, 00:00 Uhr", "GEN": "Berlin Treptow-K\u00f6penick", "cases_per_100k": 701.720152502176, "cases_per_population": 0.701720152502176, "total_recovered": 1047, "new_recovered": 0}}, {"type": "Feature", "properties": {"death_rate": 1.2308533916849, "cases": 3656, "deaths": 45, "last_update": "16.11.2020, 00:00 Uhr", "GEN": "Berlin Pankow", "cases_per_100k": 918.509883528123, "cases_per_population": 0.918509883528123, "total_recovered": 2941, "new_recovered": 7}}, {"type": "Feature", "properties": {"death_rate": 0.890339813028639, "cases": 6739, "deaths": 60, "last_update": "16.11.2020, 00:00 Uhr", "GEN": "Berlin Neuk\u00f6lln", "cases_per_100k": 2098.57282100628, "cases_per_population": 2.09857282100628, "total_recovered": 5432, "new_recovered": 12}}, {"type": "Feature", "properties": {"death_rate": 1.18030118030118, "cases": 2457, "deaths": 29, "last_update": "16.11.2020, 00:00 Uhr", "GEN": "Berlin Lichtenberg", "cases_per_100k": 857.525774635107, "cases_per_population": 0.857525774635106, "total_recovered": 1737, "new_recovered": 1}}, {"type": "Feature", "properties": {"death_rate": 0.71392146863845, "cases": 1961, "deaths": 14, "last_update": "16.11.2020, 00:00 Uhr", "GEN": "Berlin Marzahn-Hellersdorf", "cases_per_100k": 745.72094597421, "cases_per_population": 0.74572094597421, "total_recovered": 1583, "new_recovered": 7}}, {"type": "Feature", "properties": {"death_rate": 0.651354130956462, "cases": 2917, "deaths": 19, "last_update": "16.11.2020, 00:00 Uhr", "GEN": "Berlin Spandau", "cases_per_100k": 1220.4050724001, "cases_per_population": 1.2204050724001, "total_recovered": 2390, "new_recovered": 18}}, {"type": "Feature", "properties": {"death_rate": 0.662910175671197, "cases": 3017, "deaths": 20, "last_update": "16.11.2020, 00:00 Uhr", "GEN": "Berlin Steglitz-Zehlendorf", "cases_per_100k": 998.421454975064, "cases_per_population": 0.998421454975064, "total_recovered": 1611, "new_recovered": 0}}, {"type": "Feature", "properties": {"death_rate": 0.503074343208496, "cases": 7156, "deaths": 36, "last_update": "16.11.2020, 00:00 Uhr", "GEN": "Berlin Mitte", "cases_per_100k": 1907.0563215879, "cases_per_population": 1.9070563215879, "total_recovered": 4562, "new_recovered": 2}}, {"type": "Feature", "properties": {"death_rate": 0.558059669456965, "cases": 4659, "deaths": 26, "last_update": "16.11.2020, 00:00 Uhr", "GEN": "Berlin Friedrichshain-Kreuzberg", "cases_per_100k": 1651.78207396325, "cases_per_population": 1.65178207396325, "total_recovered": 3665, "new_recovered": 12}}, {"type": "Feature", "properties": {"death_rate": 0.769526741054252, "cases": 5198, "deaths": 40, "last_update": "16.11.2020, 00:00 Uhr", "GEN": "Berlin Tempelhof-Sch\u00f6neberg", "cases_per_100k": 1520.89697225051, "cases_per_population": 1.52089697225051, "total_recovered": 2968, "new_recovered": 0}}]}}