{"_id": "3404a3a36478485c81126c1c88d34960", "_rev": "2-ac8274b257b08e21007e207e186dfb81", "date": "14.11.2020", "data": {"type": "FeatureCollection", "features": [{"type": "Feature", "properties": {"death_rate": 0.816671360180231, "cases": 3551, "deaths": 29, "last_update": "14.11.2020, 00:00 Uhr", "GEN": "Berlin Reinickendorf", "cases_per_100k": 1367.4048573486, "cases_per_population": 1.3674048573486, "total_recovered": 2401, "new_recovered": 2}}, {"type": "Feature", "properties": {"death_rate": 0.661782084613566, "cases": 4231, "deaths": 28, "last_update": "14.11.2020, 00:00 Uhr", "GEN": "Berlin Charlottenburg-Wilmersdorf", "cases_per_100k": 1265.24741253764, "cases_per_population": 1.26524741253764, "total_recovered": 3151, "new_recovered": 5}}, {"type": "Feature", "properties": {"death_rate": 0.806018269747448, "cases": 1861, "deaths": 15, "last_update": "14.11.2020, 00:00 Uhr", "GEN": "Berlin Treptow-K\u00f6penick", "cases_per_100k": 698.342889736123, "cases_per_population": 0.698342889736123, "total_recovered": 1047, "new_recovered": 0}}, {"type": "Feature", "properties": {"death_rate": 1.2308533916849, "cases": 3656, "deaths": 45, "last_update": "14.11.2020, 00:00 Uhr", "GEN": "Berlin Pankow", "cases_per_100k": 918.509883528123, "cases_per_population": 0.918509883528123, "total_recovered": 2934, "new_recovered": 0}}, {"type": "Feature", "properties": {"death_rate": 0.890339813028639, "cases": 6739, "deaths": 60, "last_update": "14.11.2020, 00:00 Uhr", "GEN": "Berlin Neuk\u00f6lln", "cases_per_100k": 2098.57282100628, "cases_per_population": 2.09857282100628, "total_recovered": 5398, "new_recovered": 5}}, {"type": "Feature", "properties": {"death_rate": 1.23825789923143, "cases": 2342, "deaths": 29, "last_update": "14.11.2020, 00:00 Uhr", "GEN": "Berlin Lichtenberg", "cases_per_100k": 817.389240616776, "cases_per_population": 0.817389240616776, "total_recovered": 1736, "new_recovered": 0}}, {"type": "Feature", "properties": {"death_rate": 0.637958532695375, "cases": 1881, "deaths": 12, "last_update": "14.11.2020, 00:00 Uhr", "GEN": "Berlin Marzahn-Hellersdorf", "cases_per_100k": 715.29887780596, "cases_per_population": 0.71529887780596, "total_recovered": 1567, "new_recovered": 8}}, {"type": "Feature", "properties": {"death_rate": 0.61173083843109, "cases": 2779, "deaths": 17, "last_update": "14.11.2020, 00:00 Uhr", "GEN": "Berlin Spandau", "cases_per_100k": 1162.66907651693, "cases_per_population": 1.16266907651693, "total_recovered": 2358, "new_recovered": 22}}, {"type": "Feature", "properties": {"death_rate": 0.65880721220527, "cases": 2884, "deaths": 19, "last_update": "14.11.2020, 00:00 Uhr", "GEN": "Berlin Steglitz-Zehlendorf", "cases_per_100k": 954.407516124655, "cases_per_population": 0.954407516124655, "total_recovered": 1611, "new_recovered": 0}}, {"type": "Feature", "properties": {"death_rate": 0.512236767216847, "cases": 7028, "deaths": 36, "last_update": "14.11.2020, 00:00 Uhr", "GEN": "Berlin Mitte", "cases_per_100k": 1872.94463780321, "cases_per_population": 1.87294463780321, "total_recovered": 4560, "new_recovered": 0}}, {"type": "Feature", "properties": {"death_rate": 0.491729995529727, "cases": 4474, "deaths": 22, "last_update": "14.11.2020, 00:00 Uhr", "GEN": "Berlin Friedrichshain-Kreuzberg", "cases_per_100k": 1586.19295962901, "cases_per_population": 1.58619295962901, "total_recovered": 3653, "new_recovered": 3}}, {"type": "Feature", "properties": {"death_rate": 0.718849840255591, "cases": 5008, "deaths": 36, "last_update": "14.11.2020, 00:00 Uhr", "GEN": "Berlin Tempelhof-Sch\u00f6neberg", "cases_per_100k": 1465.30435495008, "cases_per_population": 1.46530435495008, "total_recovered": 2968, "new_recovered": 2}}]}}