{"_id": "974757bf5b884877af79fccdc1cbe7e4", "_rev": "2-8fa91276538a8de9387b54c3888a11e6", "date": "04.11.2020", "data": {"type": "FeatureCollection", "features": [{"type": "Feature", "properties": {"death_rate": 1.00308641975309, "cases": 2592, "deaths": 26, "last_update": "04.11.2020, 00:00 Uhr", "GEN": "Berlin Reinickendorf", "cases_per_100k": 998.116978385684, "cases_per_population": 0.998116978385684, "total_recovered": 2248, "new_recovered": 36}}, {"type": "Feature", "properties": {"death_rate": 0.792393026941363, "cases": 3155, "deaths": 25, "last_update": "04.11.2020, 00:00 Uhr", "GEN": "Berlin Charlottenburg-Wilmersdorf", "cases_per_100k": 943.478039838398, "cases_per_population": 0.943478039838398, "total_recovered": 2870, "new_recovered": 44}}, {"type": "Feature", "properties": {"death_rate": 0.959409594095941, "cases": 1355, "deaths": 13, "last_update": "04.11.2020, 00:00 Uhr", "GEN": "Berlin Treptow-K\u00f6penick", "cases_per_100k": 508.46567200024, "cases_per_population": 0.50846567200024, "total_recovered": 1034, "new_recovered": 6}}, {"type": "Feature", "properties": {"death_rate": 1.41685309470544, "cases": 2682, "deaths": 38, "last_update": "04.11.2020, 00:00 Uhr", "GEN": "Berlin Pankow", "cases_per_100k": 673.80839924027, "cases_per_population": 0.67380839924027, "total_recovered": 2562, "new_recovered": 53}}, {"type": "Feature", "properties": {"death_rate": 0.901073619631902, "cases": 5216, "deaths": 47, "last_update": "04.11.2020, 00:00 Uhr", "GEN": "Berlin Neuk\u00f6lln", "cases_per_100k": 1624.29972315904, "cases_per_population": 1.62429972315904, "total_recovered": 4888, "new_recovered": 88}}, {"type": "Feature", "properties": {"death_rate": 1.15874855156431, "cases": 1726, "deaths": 20, "last_update": "04.11.2020, 00:00 Uhr", "GEN": "Berlin Lichtenberg", "cases_per_100k": 602.397023614243, "cases_per_population": 0.602397023614243, "total_recovered": 1615, "new_recovered": 46}}, {"type": "Feature", "properties": {"death_rate": 0.654069767441861, "cases": 1376, "deaths": 9, "last_update": "04.11.2020, 00:00 Uhr", "GEN": "Berlin Marzahn-Hellersdorf", "cases_per_100k": 523.259572493887, "cases_per_population": 0.523259572493887, "total_recovered": 1341, "new_recovered": 30}}, {"type": "Feature", "properties": {"death_rate": 0.488997555012225, "cases": 2045, "deaths": 10, "last_update": "04.11.2020, 00:00 Uhr", "GEN": "Berlin Spandau", "cases_per_100k": 855.580518703534, "cases_per_population": 0.855580518703534, "total_recovered": 1970, "new_recovered": 50}}, {"type": "Feature", "properties": {"death_rate": 0.669045495093666, "cases": 2242, "deaths": 15, "last_update": "04.11.2020, 00:00 Uhr", "GEN": "Berlin Steglitz-Zehlendorf", "cases_per_100k": 741.949254906892, "cases_per_population": 0.741949254906892, "total_recovered": 1610, "new_recovered": 0}}, {"type": "Feature", "properties": {"death_rate": 0.40015243902439, "cases": 5248, "deaths": 21, "last_update": "04.11.2020, 00:00 Uhr", "GEN": "Berlin Mitte", "cases_per_100k": 1398.57903517234, "cases_per_population": 1.39857903517234, "total_recovered": 4438, "new_recovered": 16}}, {"type": "Feature", "properties": {"death_rate": 0.333240766453763, "cases": 3601, "deaths": 12, "last_update": "04.11.2020, 00:00 Uhr", "GEN": "Berlin Friedrichshain-Kreuzberg", "cases_per_100k": 1276.68324712206, "cases_per_population": 1.27668324712206, "total_recovered": 3476, "new_recovered": 117}}, {"type": "Feature", "properties": {"death_rate": 0.808926080892608, "cases": 3585, "deaths": 29, "last_update": "04.11.2020, 00:00 Uhr", "GEN": "Berlin Tempelhof-Sch\u00f6neberg", "cases_per_100k": 1048.94491064218, "cases_per_population": 1.04894491064218, "total_recovered": 2863, "new_recovered": 40}}]}}