{"_id": "bf409fb116f44de38f2966c3bcb9ad2d", "_rev": "5-aee6d4b77997e8aa2f7dbf75d93ffa43", "date": "27.11.2020", "data": {"type": "FeatureCollection", "features": [{"type": "Feature", "properties": {"death_rate": 0.94461142121082, "cases": 4658, "deaths": 44, "last_update": "27.11.2020, 00:00 Uhr", "recovered": null, "GEN": "Berlin Reinickendorf", "cases_per_100k": 1793.68398353415, "cases_per_population": 1.79368398353415, "total_recovered": 2987, "new_recovered": 1}}, {"type": "Feature", "properties": {"death_rate": 0.912306832991994, "cases": 5371, "deaths": 49, "last_update": "27.11.2020, 00:00 Uhr", "recovered": null, "GEN": "Berlin Charlottenburg-Wilmersdorf", "cases_per_100k": 1606.1554839848, "cases_per_population": 1.6061554839848, "total_recovered": 3991, "new_recovered": 0}}, {"type": "Feature", "properties": {"death_rate": 0.635930047694754, "cases": 2516, "deaths": 16, "last_update": "27.11.2020, 00:00 Uhr", "recovered": null, "GEN": "Berlin Treptow-K\u00f6penick", "cases_per_100k": 944.13256882111, "cases_per_population": 0.94413256882111, "total_recovered": 1320, "new_recovered": 0}}, {"type": "Feature", "properties": {"death_rate": 1.09821798590966, "cases": 4826, "deaths": 53, "last_update": "27.11.2020, 00:00 Uhr", "recovered": null, "GEN": "Berlin Pankow", "cases_per_100k": 1212.45314494166, "cases_per_population": 1.21245314494166, "total_recovered": 3565, "new_recovered": 0}}, {"type": "Feature", "properties": {"death_rate": 1.01256983240223, "cases": 8592, "deaths": 87, "last_update": "27.11.2020, 00:00 Uhr", "recovered": null, "GEN": "Berlin Neuk\u00f6lln", "cases_per_100k": 2675.61028017302, "cases_per_population": 2.67561028017302, "total_recovered": 6584, "new_recovered": 1}}, {"type": "Feature", "properties": {"death_rate": 1.16060225846926, "cases": 3188, "deaths": 37, "last_update": "27.11.2020, 00:00 Uhr", "recovered": null, "GEN": "Berlin Lichtenberg", "cases_per_100k": 1112.65452565597, "cases_per_population": 1.11265452565597, "total_recovered": 2075, "new_recovered": 0}}, {"type": "Feature", "properties": {"death_rate": 0.868252170630427, "cases": 2649, "deaths": 23, "last_update": "27.11.2020, 00:00 Uhr", "recovered": null, "GEN": "Berlin Marzahn-Hellersdorf", "cases_per_100k": 1007.35073222115, "cases_per_population": 1.00735073222115, "total_recovered": 2019, "new_recovered": 0}}, {"type": "Feature", "properties": {"death_rate": 0.780487804878049, "cases": 4100, "deaths": 32, "last_update": "27.11.2020, 00:00 Uhr", "recovered": null, "GEN": "Berlin Spandau", "cases_per_100k": 1715.34480522469, "cases_per_population": 1.71534480522469, "total_recovered": 3061, "new_recovered": 1}}, {"type": "Feature", "properties": {"death_rate": 0.608716824933041, "cases": 4107, "deaths": 25, "last_update": "27.11.2020, 00:00 Uhr", "recovered": null, "GEN": "Berlin Steglitz-Zehlendorf", "cases_per_100k": 1359.13719442578, "cases_per_population": 1.35913719442578, "total_recovered": 2120, "new_recovered": 0}}, {"type": "Feature", "properties": {"death_rate": 0.486480371082702, "cases": 8839, "deaths": 43, "last_update": "27.11.2020, 00:00 Uhr", "recovered": null, "GEN": "Berlin Mitte", "cases_per_100k": 2355.57166385068, "cases_per_population": 2.35557166385068, "total_recovered": 5390, "new_recovered": 0}}, {"type": "Feature", "properties": {"death_rate": 0.649456080532554, "cases": 6159, "deaths": 40, "last_update": "27.11.2020, 00:00 Uhr", "recovered": null, "GEN": "Berlin Friedrichshain-Kreuzberg", "cases_per_100k": 2183.58570370029, "cases_per_population": 2.18358570370029, "total_recovered": 4776, "new_recovered": 0}}, {"type": "Feature", "properties": {"death_rate": 1.17134704910647, "cases": 6659, "deaths": 78, "last_update": "27.11.2020, 00:00 Uhr", "recovered": null, "GEN": "Berlin Tempelhof-Sch\u00f6neberg", "cases_per_100k": 1948.37494001849, "cases_per_population": 1.94837494001849, "total_recovered": 3892, "new_recovered": 0}}]}}