{"_id": "a9f9ad18c3ec4a46a85599556686d12b", "_rev": "5-952cc6f7b12efe04c7f7e3206881377f", "date": "30.11.2020", "data": {"type": "FeatureCollection", "features": [{"type": "Feature", "properties": {"death_rate": 0.939261114589856, "cases": 4791, "deaths": 45, "last_update": "30.11.2020, 00:00 Uhr", "recovered": null, "GEN": "Berlin Reinickendorf", "cases_per_100k": 1844.89909083558, "cases_per_population": 1.84489909083558, "total_recovered": 3274, "new_recovered": 0}}, {"type": "Feature", "properties": {"death_rate": 0.900105894811154, "cases": 5666, "deaths": 51, "last_update": "30.11.2020, 00:00 Uhr", "recovered": null, "GEN": "Berlin Charlottenburg-Wilmersdorf", "cases_per_100k": 1694.37292352595, "cases_per_population": 1.69437292352595, "total_recovered": 4361, "new_recovered": 0}}, {"type": "Feature", "properties": {"death_rate": 0.619674670797831, "cases": 2582, "deaths": 16, "last_update": "30.11.2020, 00:00 Uhr", "recovered": null, "GEN": "Berlin Treptow-K\u00f6penick", "cases_per_100k": 968.899162438834, "cases_per_population": 0.968899162438834, "total_recovered": 1483, "new_recovered": 0}}, {"type": "Feature", "properties": {"death_rate": 1.09823062843197, "cases": 4917, "deaths": 54, "last_update": "30.11.2020, 00:00 Uhr", "recovered": null, "GEN": "Berlin Pankow", "cases_per_100k": 1235.31539860716, "cases_per_population": 1.23531539860716, "total_recovered": 3806, "new_recovered": 0}}, {"type": "Feature", "properties": {"death_rate": 1.00168823860439, "cases": 8885, "deaths": 89, "last_update": "30.11.2020, 00:00 Uhr", "recovered": null, "GEN": "Berlin Neuk\u00f6lln", "cases_per_100k": 2766.85257673851, "cases_per_population": 2.76685257673851, "total_recovered": 7143, "new_recovered": 2}}, {"type": "Feature", "properties": {"death_rate": 1.21733966745843, "cases": 3368, "deaths": 41, "last_update": "30.11.2020, 00:00 Uhr", "recovered": null, "GEN": "Berlin Lichtenberg", "cases_per_100k": 1175.47692672814, "cases_per_population": 1.17547692672814, "total_recovered": 2277, "new_recovered": 0}}, {"type": "Feature", "properties": {"death_rate": 0.845665961945032, "cases": 2838, "deaths": 24, "last_update": "30.11.2020, 00:00 Uhr", "recovered": null, "GEN": "Berlin Marzahn-Hellersdorf", "cases_per_100k": 1079.22286826864, "cases_per_population": 1.07922286826864, "total_recovered": 2184, "new_recovered": 0}}, {"type": "Feature", "properties": {"death_rate": 0.806823420931305, "cases": 4338, "deaths": 35, "last_update": "30.11.2020, 00:00 Uhr", "recovered": null, "GEN": "Berlin Spandau", "cases_per_100k": 1814.91847928407, "cases_per_population": 1.81491847928407, "total_recovered": 3307, "new_recovered": 3}}, {"type": "Feature", "properties": {"death_rate": 0.607192900513779, "cases": 4282, "deaths": 26, "last_update": "30.11.2020, 00:00 Uhr", "recovered": null, "GEN": "Berlin Steglitz-Zehlendorf", "cases_per_100k": 1417.05027186053, "cases_per_population": 1.41705027186053, "total_recovered": 2324, "new_recovered": 0}}, {"type": "Feature", "properties": {"death_rate": 0.481716663017298, "cases": 9134, "deaths": 44, "last_update": "30.11.2020, 00:00 Uhr", "recovered": null, "GEN": "Berlin Mitte", "cases_per_100k": 2434.18843507321, "cases_per_population": 2.43418843507321, "total_recovered": 5906, "new_recovered": 1}}, {"type": "Feature", "properties": {"death_rate": 0.654001868576767, "cases": 6422, "deaths": 42, "last_update": "30.11.2020, 00:00 Uhr", "recovered": null, "GEN": "Berlin Friedrichshain-Kreuzberg", "cases_per_100k": 2276.82860678085, "cases_per_population": 2.27682860678085, "total_recovered": 5307, "new_recovered": 1}}, {"type": "Feature", "properties": {"death_rate": 1.2290981849364, "cases": 6997, "deaths": 86, "last_update": "30.11.2020, 00:00 Uhr", "recovered": null, "GEN": "Berlin Tempelhof-Sch\u00f6neberg", "cases_per_100k": 2047.27128026872, "cases_per_population": 2.04727128026872, "total_recovered": 4548, "new_recovered": 0}}]}}