{"_id": "cb9904486bca4ae49cc316a96cb6d8de", "_rev": "2-b3405f49957d1db747c6d101402faba7", "date": "06.11.2020", "data": {"type": "FeatureCollection", "features": [{"type": "Feature", "properties": {"death_rate": 1.00446428571429, "cases": 2688, "deaths": 27, "last_update": "06.11.2020, 00:00 Uhr", "GEN": "Berlin Reinickendorf", "cases_per_100k": 1035.08427388145, "cases_per_population": 1.03508427388145, "total_recovered": 2318, "new_recovered": 29}}, {"type": "Feature", "properties": {"death_rate": 0.763807285546416, "cases": 3404, "deaths": 26, "last_update": "06.11.2020, 00:00 Uhr", "GEN": "Berlin Charlottenburg-Wilmersdorf", "cases_per_100k": 1017.93953965449, "cases_per_population": 1.01793953965449, "total_recovered": 2984, "new_recovered": 57}}, {"type": "Feature", "properties": {"death_rate": 0.827015851137147, "cases": 1451, "deaths": 12, "last_update": "06.11.2020, 00:00 Uhr", "GEN": "Berlin Treptow-K\u00f6penick", "cases_per_100k": 544.489808171475, "cases_per_population": 0.544489808171475, "total_recovered": 1039, "new_recovered": 1}}, {"type": "Feature", "properties": {"death_rate": 1.30226182316655, "cases": 2918, "deaths": 38, "last_update": "06.11.2020, 00:00 Uhr", "GEN": "Berlin Pankow", "cases_per_100k": 733.099518636505, "cases_per_population": 0.733099518636505, "total_recovered": 2719, "new_recovered": 72}}, {"type": "Feature", "properties": {"death_rate": 0.937057991513437, "cases": 5656, "deaths": 53, "last_update": "06.11.2020, 00:00 Uhr", "GEN": "Berlin Neuk\u00f6lln", "cases_per_100k": 1761.31887158503, "cases_per_population": 1.76131887158503, "total_recovered": 5080, "new_recovered": 71}}, {"type": "Feature", "properties": {"death_rate": 1.22863247863248, "cases": 1872, "deaths": 23, "last_update": "06.11.2020, 00:00 Uhr", "GEN": "Berlin Lichtenberg", "cases_per_100k": 653.352971150557, "cases_per_population": 0.653352971150557, "total_recovered": 1690, "new_recovered": 45}}, {"type": "Feature", "properties": {"death_rate": 0.609343263371699, "cases": 1477, "deaths": 9, "last_update": "06.11.2020, 00:00 Uhr", "GEN": "Berlin Marzahn-Hellersdorf", "cases_per_100k": 561.667433556302, "cases_per_population": 0.561667433556302, "total_recovered": 1421, "new_recovered": 49}}, {"type": "Feature", "properties": {"death_rate": 0.592255125284738, "cases": 2195, "deaths": 13, "last_update": "06.11.2020, 00:00 Uhr", "GEN": "Berlin Spandau", "cases_per_100k": 918.337035967852, "cases_per_population": 0.918337035967852, "total_recovered": 2131, "new_recovered": 86}}, {"type": "Feature", "properties": {"death_rate": 0.719729043183743, "cases": 2362, "deaths": 17, "last_update": "06.11.2020, 00:00 Uhr", "GEN": "Berlin Steglitz-Zehlendorf", "cases_per_100k": 781.661079433577, "cases_per_population": 0.781661079433577, "total_recovered": 1610, "new_recovered": 0}}, {"type": "Feature", "properties": {"death_rate": 0.399709302325581, "cases": 5504, "deaths": 22, "last_update": "06.11.2020, 00:00 Uhr", "GEN": "Berlin Mitte", "cases_per_100k": 1466.80240274173, "cases_per_population": 1.46680240274173, "total_recovered": 4514, "new_recovered": 23}}, {"type": "Feature", "properties": {"death_rate": 0.437805820242081, "cases": 3883, "deaths": 17, "last_update": "06.11.2020, 00:00 Uhr", "GEN": "Berlin Friedrichshain-Kreuzberg", "cases_per_100k": 1376.66232951262, "cases_per_population": 1.37666232951262, "total_recovered": 3531, "new_recovered": 13}}, {"type": "Feature", "properties": {"death_rate": 0.760070939954396, "cases": 3947, "deaths": 30, "last_update": "06.11.2020, 00:00 Uhr", "GEN": "Berlin Tempelhof-Sch\u00f6neberg", "cases_per_100k": 1154.86347623562, "cases_per_population": 1.15486347623562, "total_recovered": 2937, "new_recovered": 30}}]}}