{"_id": "3cb4422d4b804d0c98af7956acc0d9bf", "_rev": "5-263fef4c8b92cb980dc5ddfd8c45dca4", "date": "07.12.2020", "data": {"type": "FeatureCollection", "features": [{"type": "Feature", "properties": {"death_rate": 1.1611030478955, "cases": 5512, "deaths": 64, "last_update": "07.12.2020, 00:00 Uhr", "recovered": null, "GEN": "Berlin Reinickendorf", "cases_per_100k": 2122.53888304857, "cases_per_population": 2.12253888304857, "total_recovered": 4000, "new_recovered": 3}}, {"type": "Feature", "properties": {"death_rate": 0.996944846438334, "cases": 6219, "deaths": 62, "last_update": "07.12.2020, 00:00 Uhr", "recovered": null, "GEN": "Berlin Charlottenburg-Wilmersdorf", "cases_per_100k": 1859.74324239461, "cases_per_population": 1.85974324239461, "total_recovered": 5007, "new_recovered": 0}}, {"type": "Feature", "properties": {"death_rate": 0.641241984475194, "cases": 2963, "deaths": 19, "last_update": "07.12.2020, 00:00 Uhr", "recovered": null, "GEN": "Berlin Treptow-K\u00f6penick", "cases_per_100k": 1111.86995286842, "cases_per_population": 1.11186995286842, "total_recovered": 1753, "new_recovered": 1}}, {"type": "Feature", "properties": {"death_rate": 1.05924596050269, "cases": 5570, "deaths": 59, "last_update": "07.12.2020, 00:00 Uhr", "recovered": null, "GEN": "Berlin Pankow", "cases_per_100k": 1399.37091117386, "cases_per_population": 1.39937091117386, "total_recovered": 4341, "new_recovered": 7}}, {"type": "Feature", "properties": {"death_rate": 1.06062181553499, "cases": 9617, "deaths": 102, "last_update": "07.12.2020, 00:00 Uhr", "recovered": null, "GEN": "Berlin Neuk\u00f6lln", "cases_per_100k": 2994.80261457448, "cases_per_population": 2.99480261457448, "total_recovered": 8024, "new_recovered": 4}}, {"type": "Feature", "properties": {"death_rate": 1.26984126984127, "cases": 3780, "deaths": 48, "last_update": "07.12.2020, 00:00 Uhr", "recovered": null, "GEN": "Berlin Lichtenberg", "cases_per_100k": 1319.27042251555, "cases_per_population": 1.31927042251555, "total_recovered": 2718, "new_recovered": 0}}, {"type": "Feature", "properties": {"death_rate": 0.814026299311208, "cases": 3194, "deaths": 26, "last_update": "07.12.2020, 00:00 Uhr", "recovered": null, "GEN": "Berlin Marzahn-Hellersdorf", "cases_per_100k": 1214.60107161735, "cases_per_population": 1.21460107161735, "total_recovered": 2527, "new_recovered": 0}}, {"type": "Feature", "properties": {"death_rate": 1.06824925816024, "cases": 5055, "deaths": 54, "last_update": "07.12.2020, 00:00 Uhr", "recovered": null, "GEN": "Berlin Spandau", "cases_per_100k": 2114.89463180751, "cases_per_population": 2.11489463180751, "total_recovered": 3868, "new_recovered": 2}}, {"type": "Feature", "properties": {"death_rate": 0.540203615208809, "cases": 4813, "deaths": 26, "last_update": "07.12.2020, 00:00 Uhr", "recovered": null, "GEN": "Berlin Steglitz-Zehlendorf", "cases_per_100k": 1592.77509539111, "cases_per_population": 1.59277509539111, "total_recovered": 2971, "new_recovered": 14}}, {"type": "Feature", "properties": {"death_rate": 0.606965174129353, "cases": 10050, "deaths": 61, "last_update": "07.12.2020, 00:00 Uhr", "recovered": null, "GEN": "Berlin Mitte", "cases_per_100k": 2678.3001721574, "cases_per_population": 2.6783001721574, "total_recovered": 7073, "new_recovered": 0}}, {"type": "Feature", "properties": {"death_rate": 0.653780557134736, "cases": 7036, "deaths": 46, "last_update": "07.12.2020, 00:00 Uhr", "recovered": null, "GEN": "Berlin Friedrichshain-Kreuzberg", "cases_per_100k": 2494.51355921988, "cases_per_population": 2.49451355921988, "total_recovered": 6044, "new_recovered": 0}}, {"type": "Feature", "properties": {"death_rate": 1.5197170182104, "cases": 7633, "deaths": 116, "last_update": "07.12.2020, 00:00 Uhr", "recovered": null, "GEN": "Berlin Tempelhof-Sch\u00f6neberg", "cases_per_100k": 2233.36025186382, "cases_per_population": 2.23336025186382, "total_recovered": 5605, "new_recovered": 0}}]}}