{"_id": "659719f95d144ff39fc7670c31b2e8b6", "_rev": "2-a4feffd97b356a5f5a2fc80a3d3910a6", "date": "03.11.2020", "data": {"type": "FeatureCollection", "features": [{"type": "Feature", "properties": {"death_rate": 0.999200639488409, "cases": 2502, "deaths": 25, "last_update": "03.11.2020, 00:00 Uhr", "GEN": "Berlin Reinickendorf", "cases_per_100k": 963.460138858404, "cases_per_population": 0.963460138858404, "total_recovered": 2212, "new_recovered": 40}}, {"type": "Feature", "properties": {"death_rate": 0.794438927507448, "cases": 3021, "deaths": 24, "last_update": "03.11.2020, 00:00 Uhr", "GEN": "Berlin Charlottenburg-Wilmersdorf", "cases_per_100k": 903.40638933496, "cases_per_population": 0.90340638933496, "total_recovered": 2826, "new_recovered": 64}}, {"type": "Feature", "properties": {"death_rate": 0.9375, "cases": 1280, "deaths": 12, "last_update": "03.11.2020, 00:00 Uhr", "GEN": "Berlin Treptow-K\u00f6penick", "cases_per_100k": 480.321815616463, "cases_per_population": 0.480321815616463, "total_recovered": 1028, "new_recovered": 3}}, {"type": "Feature", "properties": {"death_rate": 1.49019607843137, "cases": 2550, "deaths": 38, "last_update": "03.11.2020, 00:00 Uhr", "GEN": "Berlin Pankow", "cases_per_100k": 640.64556974746, "cases_per_population": 0.64064556974746, "total_recovered": 2509, "new_recovered": 82}}, {"type": "Feature", "properties": {"death_rate": 0.937936539612852, "cases": 5011, "deaths": 47, "last_update": "03.11.2020, 00:00 Uhr", "GEN": "Berlin Neuk\u00f6lln", "cases_per_100k": 1560.46125627875, "cases_per_population": 1.56046125627875, "total_recovered": 4800, "new_recovered": 107}}, {"type": "Feature", "properties": {"death_rate": 1.21951219512195, "cases": 1640, "deaths": 20, "last_update": "03.11.2020, 00:00 Uhr", "GEN": "Berlin Lichtenberg", "cases_per_100k": 572.381876435317, "cases_per_population": 0.572381876435317, "total_recovered": 1569, "new_recovered": 44}}, {"type": "Feature", "properties": {"death_rate": 0.692307692307692, "cases": 1300, "deaths": 9, "last_update": "03.11.2020, 00:00 Uhr", "GEN": "Berlin Marzahn-Hellersdorf", "cases_per_100k": 494.35860773405, "cases_per_population": 0.49435860773405, "total_recovered": 1311, "new_recovered": 48}}, {"type": "Feature", "properties": {"death_rate": 0.478978179882916, "cases": 1879, "deaths": 9, "last_update": "03.11.2020, 00:00 Uhr", "GEN": "Berlin Spandau", "cases_per_100k": 786.129972931022, "cases_per_population": 0.786129972931022, "total_recovered": 1920, "new_recovered": 69}}, {"type": "Feature", "properties": {"death_rate": 0.693160813308688, "cases": 2164, "deaths": 15, "last_update": "03.11.2020, 00:00 Uhr", "GEN": "Berlin Steglitz-Zehlendorf", "cases_per_100k": 716.136568964547, "cases_per_population": 0.716136568964547, "total_recovered": 1610, "new_recovered": 0}}, {"type": "Feature", "properties": {"death_rate": 0.415594696220067, "cases": 5053, "deaths": 21, "last_update": "03.11.2020, 00:00 Uhr", "GEN": "Berlin Mitte", "cases_per_100k": 1346.6120169066, "cases_per_population": 1.3466120169066, "total_recovered": 4422, "new_recovered": 4}}, {"type": "Feature", "properties": {"death_rate": 0.346720600982375, "cases": 3461, "deaths": 12, "last_update": "03.11.2020, 00:00 Uhr", "GEN": "Berlin Friedrichshain-Kreuzberg", "cases_per_100k": 1227.04824167993, "cases_per_population": 1.22704824167993, "total_recovered": 3359, "new_recovered": 61}}, {"type": "Feature", "properties": {"death_rate": 0.840823427080313, "cases": 3449, "deaths": 29, "last_update": "03.11.2020, 00:00 Uhr", "GEN": "Berlin Tempelhof-Sch\u00f6neberg", "cases_per_100k": 1009.15230036399, "cases_per_population": 1.00915230036399, "total_recovered": 2823, "new_recovered": 39}}]}}