{"_id": "da3217f1a8ce4dc0ac1808a4dd800fd8", "_rev": "5-640964bbe7180898791d53e5cf4c7f47", "date": "09.12.2020", "data": {"type": "FeatureCollection", "features": [{"type": "Feature", "properties": {"death_rate": 1.32508833922261, "cases": 5660, "deaths": 75, "last_update": "09.12.2020, 00:00 Uhr", "recovered": null, "GEN": "Berlin Reinickendorf", "cases_per_100k": 2179.53013027121, "cases_per_population": 2.17953013027121, "total_recovered": 4235, "new_recovered": 1}}, {"type": "Feature", "properties": {"death_rate": 1.00047641734159, "cases": 6297, "deaths": 63, "last_update": "09.12.2020, 00:00 Uhr", "recovered": null, "GEN": "Berlin Charlottenburg-Wilmersdorf", "cases_per_100k": 1883.06853149363, "cases_per_population": 1.88306853149363, "total_recovered": 5190, "new_recovered": 0}}, {"type": "Feature", "properties": {"death_rate": 0.666455093621073, "cases": 3151, "deaths": 21, "last_update": "09.12.2020, 00:00 Uhr", "recovered": null, "GEN": "Berlin Treptow-K\u00f6penick", "cases_per_100k": 1182.41721953709, "cases_per_population": 1.18241721953709, "total_recovered": 1913, "new_recovered": 7}}, {"type": "Feature", "properties": {"death_rate": 1.06988783433995, "cases": 5795, "deaths": 62, "last_update": "09.12.2020, 00:00 Uhr", "recovered": null, "GEN": "Berlin Pankow", "cases_per_100k": 1455.8984614457, "cases_per_population": 1.4558984614457, "total_recovered": 4581, "new_recovered": 2}}, {"type": "Feature", "properties": {"death_rate": 1.10480437867423, "cases": 9866, "deaths": 109, "last_update": "09.12.2020, 00:00 Uhr", "recovered": null, "GEN": "Berlin Neuk\u00f6lln", "cases_per_100k": 3072.34299629737, "cases_per_population": 3.07234299629737, "total_recovered": 8378, "new_recovered": 7}}, {"type": "Feature", "properties": {"death_rate": 1.3617677286742, "cases": 3892, "deaths": 53, "last_update": "09.12.2020, 00:00 Uhr", "recovered": null, "GEN": "Berlin Lichtenberg", "cases_per_100k": 1358.35991651601, "cases_per_population": 1.35835991651601, "total_recovered": 2909, "new_recovered": 1}}, {"type": "Feature", "properties": {"death_rate": 0.78007800780078, "cases": 3333, "deaths": 26, "last_update": "09.12.2020, 00:00 Uhr", "recovered": null, "GEN": "Berlin Marzahn-Hellersdorf", "cases_per_100k": 1267.45941505968, "cases_per_population": 1.26745941505968, "total_recovered": 2633, "new_recovered": 1}}, {"type": "Feature", "properties": {"death_rate": 1.09404990403071, "cases": 5210, "deaths": 57, "last_update": "09.12.2020, 00:00 Uhr", "recovered": null, "GEN": "Berlin Spandau", "cases_per_100k": 2179.74303298064, "cases_per_population": 2.17974303298064, "total_recovered": 4054, "new_recovered": 0}}, {"type": "Feature", "properties": {"death_rate": 0.54457442517144, "cases": 4958, "deaths": 27, "last_update": "09.12.2020, 00:00 Uhr", "recovered": null, "GEN": "Berlin Steglitz-Zehlendorf", "cases_per_100k": 1640.76021669419, "cases_per_population": 1.64076021669419, "total_recovered": 3198, "new_recovered": 2}}, {"type": "Feature", "properties": {"death_rate": 0.63626723223754, "cases": 10373, "deaths": 66, "last_update": "09.12.2020, 00:00 Uhr", "recovered": null, "GEN": "Berlin Mitte", "cases_per_100k": 2764.37887420784, "cases_per_population": 2.76437887420784, "total_recovered": 7641, "new_recovered": 1}}, {"type": "Feature", "properties": {"death_rate": 0.646521433591005, "cases": 7115, "deaths": 46, "last_update": "09.12.2020, 00:00 Uhr", "recovered": null, "GEN": "Berlin Friedrichshain-Kreuzberg", "cases_per_100k": 2522.52188371936, "cases_per_population": 2.52252188371936, "total_recovered": 6241, "new_recovered": 0}}, {"type": "Feature", "properties": {"death_rate": 1.63239074550129, "cases": 7780, "deaths": 127, "last_update": "09.12.2020, 00:00 Uhr", "recovered": null, "GEN": "Berlin Tempelhof-Sch\u00f6neberg", "cases_per_100k": 2276.37138209098, "cases_per_population": 2.27637138209098, "total_recovered": 5868, "new_recovered": 7}}]}}