{"_id": "f5f1b8d534da4b69945710042ea37235", "_rev": "5-8754e1e31f2e7a17c1aaa131a81d3fdc", "date": "08.12.2020", "data": {"type": "FeatureCollection", "features": [{"type": "Feature", "properties": {"death_rate": 1.27103472968135, "cases": 5586, "deaths": 71, "last_update": "08.12.2020, 00:00 Uhr", "recovered": null, "GEN": "Berlin Reinickendorf", "cases_per_100k": 2151.03450665989, "cases_per_population": 2.15103450665989, "total_recovered": 4104, "new_recovered": 3}}, {"type": "Feature", "properties": {"death_rate": 0.990573574053363, "cases": 6259, "deaths": 62, "last_update": "08.12.2020, 00:00 Uhr", "recovered": null, "GEN": "Berlin Charlottenburg-Wilmersdorf", "cases_per_100k": 1871.70492911205, "cases_per_population": 1.87170492911205, "total_recovered": 5113, "new_recovered": 1}}, {"type": "Feature", "properties": {"death_rate": 0.626029654036244, "cases": 3035, "deaths": 19, "last_update": "08.12.2020, 00:00 Uhr", "recovered": null, "GEN": "Berlin Treptow-K\u00f6penick", "cases_per_100k": 1138.88805499685, "cases_per_population": 1.13888805499685, "total_recovered": 1829, "new_recovered": 1}}, {"type": "Feature", "properties": {"death_rate": 1.05950909411972, "cases": 5663, "deaths": 60, "last_update": "08.12.2020, 00:00 Uhr", "recovered": null, "GEN": "Berlin Pankow", "cases_per_100k": 1422.73563195289, "cases_per_population": 1.42273563195289, "total_recovered": 4453, "new_recovered": 1}}, {"type": "Feature", "properties": {"death_rate": 1.10938310005184, "cases": 9645, "deaths": 107, "last_update": "08.12.2020, 00:00 Uhr", "recovered": null, "GEN": "Berlin Neuk\u00f6lln", "cases_per_100k": 3003.52201492886, "cases_per_population": 3.00352201492886, "total_recovered": 8217, "new_recovered": 8}}, {"type": "Feature", "properties": {"death_rate": 1.25588697017268, "cases": 3822, "deaths": 48, "last_update": "08.12.2020, 00:00 Uhr", "recovered": null, "GEN": "Berlin Lichtenberg", "cases_per_100k": 1333.92898276572, "cases_per_population": 1.33392898276572, "total_recovered": 2767, "new_recovered": 0}}, {"type": "Feature", "properties": {"death_rate": 0.798771121351767, "cases": 3255, "deaths": 26, "last_update": "08.12.2020, 00:00 Uhr", "recovered": null, "GEN": "Berlin Marzahn-Hellersdorf", "cases_per_100k": 1237.79789859564, "cases_per_population": 1.23779789859564, "total_recovered": 2588, "new_recovered": 7}}, {"type": "Feature", "properties": {"death_rate": 1.06824925816024, "cases": 5055, "deaths": 54, "last_update": "08.12.2020, 00:00 Uhr", "recovered": null, "GEN": "Berlin Spandau", "cases_per_100k": 2114.89463180751, "cases_per_population": 2.11489463180751, "total_recovered": 3953, "new_recovered": 1}}, {"type": "Feature", "properties": {"death_rate": 0.554073466037349, "cases": 4873, "deaths": 27, "last_update": "08.12.2020, 00:00 Uhr", "recovered": null, "GEN": "Berlin Steglitz-Zehlendorf", "cases_per_100k": 1612.63100765445, "cases_per_population": 1.61263100765445, "total_recovered": 3067, "new_recovered": 10}}, {"type": "Feature", "properties": {"death_rate": 0.609276729559748, "cases": 10176, "deaths": 62, "last_update": "08.12.2020, 00:00 Uhr", "recovered": null, "GEN": "Berlin Mitte", "cases_per_100k": 2711.87886088296, "cases_per_population": 2.71187886088296, "total_recovered": 7402, "new_recovered": 3}}, {"type": "Feature", "properties": {"death_rate": 0.652574833309689, "cases": 7049, "deaths": 46, "last_update": "08.12.2020, 00:00 Uhr", "recovered": null, "GEN": "Berlin Friedrichshain-Kreuzberg", "cases_per_100k": 2499.12252401093, "cases_per_population": 2.49912252401093, "total_recovered": 6129, "new_recovered": 0}}, {"type": "Feature", "properties": {"death_rate": 1.52661795407098, "cases": 7664, "deaths": 117, "last_update": "08.12.2020, 00:00 Uhr", "recovered": null, "GEN": "Berlin Tempelhof-Sch\u00f6neberg", "cases_per_100k": 2242.43062626546, "cases_per_population": 2.24243062626546, "total_recovered": 5748, "new_recovered": 1}}]}}