{"_id": "959b5d27d3344b5aa0a578ceee495e80", "_rev": "1-12fede15570533ba64bb9e2bd9346f34", "type": "FeatureCollection", "features": [{"type": "Feature", "geometry": {"type": "Point", "coordinates": [13.397046, 52.525902]}, "properties": {"name": "Alexianer St. Hedwig Kliniken Berlin GmbH, Alexianer St. Hedwig-Krankenhaus", "status": {"statusLowCare": "BEGRENZT", "statusHighCare": "BEGRENZT", "statusECMO": "KEINE_ANGABE"}, "last_update": "2020-12-11T08:08:10Z"}}, {"type": "Feature", "geometry": {"type": "Point", "coordinates": [13.369843, 52.534919]}, "properties": {"name": "Bundeswehrkrankenhaus Berlin, Hauptstandort", "status": {"statusLowCare": "KEINE_ANGABE", "statusHighCare": "VERFUEGBAR", "statusECMO": "KEINE_ANGABE"}, "last_update": "2020-12-11T08:06:41Z"}}, {"type": "Feature", "geometry": {"type": "Point", "coordinates": [13.37823, 52.52367]}, "properties": {"name": "Charit\u00e9 Universit\u00e4tsmedizin Berlin, Hauptstandort Charit\u00e9 Universit\u00e4tsmedizin Berlin", "status": {"statusLowCare": "VERFUEGBAR", "statusHighCare": "BEGRENZT", "statusECMO": "BEGRENZT"}, "last_update": "2020-12-10T05:35:23Z"}}, {"type": "Feature", "geometry": {"type": "Point", "coordinates": [13.438961, 52.524481]}, "properties": {"name": "Vivantes - Netzwerk f\u00fcr Gesundheit GmbH, Klinikum im Friedrichshain", "status": {"statusLowCare": "BEGRENZT", "statusHighCare": "BEGRENZT", "statusECMO": "KEINE_ANGABE"}, "last_update": "2020-12-11T10:21:38Z"}}, {"type": "Feature", "geometry": {"type": "Point", "coordinates": [13.508368, 52.526881]}, "properties": {"name": "Ev. Krankenhaus K\u00f6nigin Elisabeth Herzberge, Evangelisches Krankenhaus K\u00f6nigin Elisabeth Herzberge gGmbH", "status": {"statusLowCare": "VERFUEGBAR", "statusHighCare": "VERFUEGBAR", "statusECMO": "KEINE_ANGABE"}, "last_update": "2020-12-11T09:16:11Z"}}, {"type": "Feature", "geometry": {"type": "Point", "coordinates": [13.494809, 52.514034]}, "properties": {"name": "Sana Klinikum Lichtenberg", "status": {"statusLowCare": "NICHT_VERFUEGBAR", "statusHighCare": "BEGRENZT", "statusECMO": "KEINE_ANGABE"}, "last_update": "2020-12-11T06:48:50Z"}}, {"type": "Feature", "geometry": {"type": "Point", "coordinates": [13.317198, 52.481245]}, "properties": {"name": "Sankt Gertrauden-Krankenhaus GmbH", "status": {"statusLowCare": "VERFUEGBAR", "statusHighCare": "VERFUEGBAR", "statusECMO": "KEINE_ANGABE"}, "last_update": "2020-12-11T07:24:56Z"}}, {"type": "Feature", "geometry": {"type": "Point", "coordinates": [13.364198, 52.503591]}, "properties": {"name": "Ev. Elisabeth Klinik Krankenhausbetriebs gGmbH, Hauptstandort", "status": {"statusLowCare": "VERFUEGBAR", "statusHighCare": "VERFUEGBAR", "statusECMO": "KEINE_ANGABE"}, "last_update": "2020-12-11T05:49:15Z"}}, {"type": "Feature", "geometry": {"type": "Point", "coordinates": [13.345418, 52.506387]}, "properties": {"name": "Franziskus-Krankenhaus Berlin, Hauptstandort", "status": {"statusLowCare": "BEGRENZT", "statusHighCare": "BEGRENZT", "statusECMO": "KEINE_ANGABE"}, "last_update": "2020-12-11T07:33:54Z"}}, {"type": "Feature", "geometry": {"type": "Point", "coordinates": [13.40902, 52.494627]}, "properties": {"name": "Vivantes - Netzwerk f\u00fcr Gesundheit GmbH, Klinikum Am Urban", "status": {"statusLowCare": "NICHT_VERFUEGBAR", "statusHighCare": "NICHT_VERFUEGBAR", "statusECMO": "KEINE_ANGABE"}, "last_update": "2020-12-11T10:20:22Z"}}, {"type": "Feature", "geometry": {"type": "Point", "coordinates": [13.389266, 52.458933]}, "properties": {"name": "Vivantes - Netzwerk f\u00fcr Gesundheit GmbH, Wenckebach-Klinikum", "status": {"statusLowCare": "NICHT_VERFUEGBAR", "statusHighCare": "NICHT_VERFUEGBAR", "statusECMO": "KEINE_ANGABE"}, "last_update": "2020-12-11T10:24:47Z"}}, {"type": "Feature", "geometry": {"type": "Point", "coordinates": [13.372828, 52.478649]}, "properties": {"name": "St. Joseph Krankenhaus Berlin-Tempelhof, Hauptstandort", "status": {"statusLowCare": "VERFUEGBAR", "statusHighCare": "VERFUEGBAR", "statusECMO": "KEINE_ANGABE"}, "last_update": "2020-12-11T07:43:26Z"}}, {"type": "Feature", "geometry": {"type": "Point", "coordinates": [13.345513, 52.463039]}, "properties": {"name": "Vivantes - Netzwerk f\u00fcr Gesundheit GmbH, Auguste-Viktoria-Klinikum", "status": {"statusLowCare": "BEGRENZT", "statusHighCare": "BEGRENZT", "statusECMO": "KEINE_ANGABE"}, "last_update": "2020-12-11T10:18:15Z"}}, {"type": "Feature", "geometry": {"type": "Point", "coordinates": [13.320401, 52.4418]}, "properties": {"name": "Charit\u00e9 Universit\u00e4tsmedizin Berlin, Charit\u00e9 Campus Benjamin Franklin", "status": {"statusLowCare": "NICHT_VERFUEGBAR", "statusHighCare": "VERFUEGBAR", "statusECMO": "VERFUEGBAR"}, "last_update": "2020-12-10T06:48:41Z"}}, {"type": "Feature", "geometry": {"type": "Point", "coordinates": [13.325927, 52.432553]}, "properties": {"name": "Krankenhaus Bethel Berlin gGmbH, Krankenhaus Bethel Berlin", "status": {"statusLowCare": "BEGRENZT", "statusHighCare": "BEGRENZT", "statusECMO": "KEINE_ANGABE"}, "last_update": "2020-12-11T08:56:42Z"}}, {"type": "Feature", "geometry": {"type": "Point", "coordinates": [13.348082, 52.424283]}, "properties": {"name": "St. Marien-Krankenhaus Lankwitz", "status": {"statusLowCare": "BEGRENZT", "statusHighCare": "BEGRENZT", "statusECMO": "KEINE_ANGABE"}, "last_update": "2020-12-11T07:27:53Z"}}, {"type": "Feature", "geometry": {"type": "Point", "coordinates": [13.458397, 52.438175]}, "properties": {"name": "Vivantes - Netzwerk f\u00fcr Gesundheit GmbH, Klinikum Neuk\u00f6lln", "status": {"statusLowCare": "NICHT_VERFUEGBAR", "statusHighCare": "NICHT_VERFUEGBAR", "statusECMO": "KEINE_ANGABE"}, "last_update": "2020-12-11T10:17:28Z"}}, {"type": "Feature", "geometry": {"type": "Point", "coordinates": [13.595805, 52.440262]}, "properties": {"name": "DRK Kliniken Berlin K\u00f6penick", "status": {"statusLowCare": "BEGRENZT", "statusHighCare": "BEGRENZT", "statusECMO": "KEINE_ANGABE"}, "last_update": "2020-12-11T06:11:52Z"}}, {"type": "Feature", "geometry": {"type": "Point", "coordinates": [13.592644, 52.505881]}, "properties": {"name": "Vivantes - Netzwerk f\u00fcr Gesundheit GmbH, Klinikum Kaulsdorf", "status": {"statusLowCare": "VERFUEGBAR", "statusHighCare": "VERFUEGBAR", "statusECMO": "KEINE_ANGABE"}, "last_update": "2020-12-11T10:22:49Z"}}, {"type": "Feature", "geometry": {"type": "Point", "coordinates": [13.566016, 52.519049]}, "properties": {"name": "BG Klinikum Unfallkrankenhaus Berlin gGmbH", "status": {"statusLowCare": "VERFUEGBAR", "statusHighCare": "VERFUEGBAR", "statusECMO": "VERFUEGBAR"}, "last_update": "2020-12-11T07:45:32Z"}}, {"type": "Feature", "geometry": {"type": "Point", "coordinates": [13.45185, 52.554889]}, "properties": {"name": "Park-Klinik Wei\u00dfensee", "status": {"statusLowCare": "NICHT_VERFUEGBAR", "statusHighCare": "NICHT_VERFUEGBAR", "statusECMO": "KEINE_ANGABE"}, "last_update": "2020-12-11T08:21:04Z"}}, {"type": "Feature", "geometry": {"type": "Point", "coordinates": [13.505311, 52.631861]}, "properties": {"name": "Evangelische Lungenklinik Berlin, Hauptstandort", "status": {"statusLowCare": "BEGRENZT", "statusHighCare": "BEGRENZT", "statusECMO": "KEINE_ANGABE"}, "last_update": "2020-12-11T06:02:04Z"}}, {"type": "Feature", "geometry": {"type": "Point", "coordinates": [13.511302, 52.631419]}, "properties": {"name": "Helios Klinikum Berlin-Buch GmbH, Helios Klinikum Berlin-Buch", "status": {"statusLowCare": "VERFUEGBAR", "statusHighCare": "VERFUEGBAR", "statusECMO": "VERFUEGBAR"}, "last_update": "2020-12-11T08:06:21Z"}}, {"type": "Feature", "geometry": {"type": "Point", "coordinates": [13.413936, 52.571388]}, "properties": {"name": "Caritas-Klinik Maria Heimsuchung Berlin Pankow, Caritas-Klinik Maria Heimsuchung Berlin-Pankow", "status": {"statusLowCare": "BEGRENZT", "statusHighCare": "BEGRENZT", "statusECMO": "KEINE_ANGABE"}, "last_update": "2020-12-11T06:07:59Z"}}, {"type": "Feature", "geometry": {"type": "Point", "coordinates": [13.370569, 52.555279]}, "properties": {"name": "J\u00fcdisches Krankenhaus Berlin, Krankenhaus", "status": {"statusLowCare": "NICHT_VERFUEGBAR", "statusHighCare": "VERFUEGBAR", "statusECMO": "KEINE_ANGABE"}, "last_update": "2020-12-11T10:23:38Z"}}, {"type": "Feature", "geometry": {"type": "Point", "coordinates": [13.347828, 52.542234]}, "properties": {"name": "Charit\u00e9 Universit\u00e4tsmedizin Berlin, Charit\u00e9 Campus Virchow Klinikum", "status": {"statusLowCare": "VERFUEGBAR", "statusHighCare": "BEGRENZT", "statusECMO": "BEGRENZT"}, "last_update": "2020-12-11T00:00:37Z"}}, {"type": "Feature", "geometry": {"type": "Point", "coordinates": [13.347769, 52.542387]}, "properties": {"name": "Deutsches Herzzentrum Berlin, Hauptstandort", "status": {"statusLowCare": "KEINE_ANGABE", "statusHighCare": "BEGRENZT", "statusECMO": "KEINE_ANGABE"}, "last_update": "2020-12-11T06:56:02Z"}}, {"type": "Feature", "geometry": {"type": "Point", "coordinates": [13.376277, 52.557387]}, "properties": {"name": "DRK Kliniken Berlin Mitte", "status": {"statusLowCare": "KEINE_ANGABE", "statusHighCare": "BEGRENZT", "statusECMO": "KEINE_ANGABE"}, "last_update": "2020-12-11T05:33:42Z"}}, {"type": "Feature", "geometry": {"type": "Point", "coordinates": [13.295364, 52.624685]}, "properties": {"name": "Dominikus-Krankenhaus Berlin-Hermsdorf GmbH, Caritas-Klinik Dominikus Berlin-Reinickendorf", "status": {"statusLowCare": "NICHT_VERFUEGBAR", "statusHighCare": "NICHT_VERFUEGBAR", "statusECMO": "KEINE_ANGABE"}, "last_update": "2020-12-11T06:23:00Z"}}, {"type": "Feature", "geometry": {"type": "Point", "coordinates": [13.308975, 52.589849]}, "properties": {"name": "Vivantes - Netzwerk f\u00fcr Gesundheit GmbH, Humboldt-Klinikum", "status": {"statusLowCare": "NICHT_VERFUEGBAR", "statusHighCare": "NICHT_VERFUEGBAR", "statusECMO": "KEINE_ANGABE"}, "last_update": "2020-12-11T10:19:10Z"}}, {"type": "Feature", "geometry": {"type": "Point", "coordinates": [13.206897, 52.550157]}, "properties": {"name": "Vivantes - Netzwerk f\u00fcr Gesundheit GmbH, Klinikum Spandau", "status": {"statusLowCare": "BEGRENZT", "statusHighCare": "BEGRENZT", "statusECMO": "KEINE_ANGABE"}, "last_update": "2020-12-11T10:25:57Z"}}, {"type": "Feature", "geometry": {"type": "Point", "coordinates": [13.157562, 52.562405]}, "properties": {"name": "Evangelisches Waldkrankenhaus Spandau, Stadtrandstra\u00dfe 555-561", "status": {"statusLowCare": "BEGRENZT", "statusHighCare": "BEGRENZT", "statusECMO": "KEINE_ANGABE"}, "last_update": "2020-12-11T10:31:34Z"}}, {"type": "Feature", "geometry": {"type": "Point", "coordinates": [13.277062, 52.518886]}, "properties": {"name": "DRK Kliniken Berlin Westend", "status": {"statusLowCare": "BEGRENZT", "statusHighCare": "BEGRENZT", "statusECMO": "KEINE_ANGABE"}, "last_update": "2020-12-11T06:02:13Z"}}, {"type": "Feature", "geometry": {"type": "Point", "coordinates": [13.233627, 52.508026]}, "properties": {"name": "Paulinenhaus Krankenanstalt e.V., Paulinenkrankenhaus gGmbH", "status": {"statusLowCare": "KEINE_ANGABE", "statusHighCare": "BEGRENZT", "statusECMO": "KEINE_ANGABE"}, "last_update": "2020-12-11T07:29:34Z"}}, {"type": "Feature", "geometry": {"type": "Point", "coordinates": [13.289496, 52.521791]}, "properties": {"name": "Schlosspark-Klinik", "status": {"statusLowCare": "KEINE_ANGABE", "statusHighCare": "BEGRENZT", "statusECMO": "KEINE_ANGABE"}, "last_update": "2020-12-11T10:15:29Z"}}, {"type": "Feature", "geometry": {"type": "Point", "coordinates": [13.160882, 52.461717]}, "properties": {"name": "Gemeinschaftskrankenhaus Havelh\u00f6he gGmbH, Gemeinschaftskrankenhaus Havelh\u00f6he", "status": {"statusLowCare": "BEGRENZT", "statusHighCare": "BEGRENZT", "statusECMO": "NICHT_VERFUEGBAR"}, "last_update": "2020-12-11T07:18:15Z"}}, {"type": "Feature", "geometry": {"type": "Point", "coordinates": [13.161751, 52.462407]}, "properties": {"name": "MEDIAN Klinik Berlin Kladow, Fachkrankenhaus f. neurologische Fr\u00fchrehabilitation, MEDIAN Klinik BErlin Kladow; Fachkrankenhaus f\u00fcr neurologische Fr\u00fchrehabilitation", "status": {"statusLowCare": "KEINE_ANGABE", "statusHighCare": "KEINE_ANGABE", "statusECMO": "KEINE_ANGABE"}, "last_update": "2020-09-17T12:28:50Z"}}, {"type": "Feature", "geometry": {"type": "Point", "coordinates": [13.164233, 52.419559]}, "properties": {"name": "Immanuel Krankenhaus Berlin, Standort Berlin Wannsee", "status": {"statusLowCare": "VERFUEGBAR", "statusHighCare": "VERFUEGBAR", "statusECMO": "KEINE_ANGABE"}, "last_update": "2020-12-11T07:57:58Z"}}, {"type": "Feature", "geometry": {"type": "Point", "coordinates": [13.219186, 52.431348]}, "properties": {"name": "Evangelisches Krankenhaus Hubertus", "status": {"statusLowCare": "BEGRENZT", "statusHighCare": "BEGRENZT", "statusECMO": "KEINE_ANGABE"}, "last_update": "2020-12-11T07:13:29Z"}}, {"type": "Feature", "geometry": {"type": "Point", "coordinates": [13.240225, 52.444185]}, "properties": {"name": "Krankenhaus Waldfriede e.V., Krankenhaus Waldfriede", "status": {"statusLowCare": "VERFUEGBAR", "statusHighCare": "VERFUEGBAR", "statusECMO": "KEINE_ANGABE"}, "last_update": "2020-12-11T07:31:57Z"}}, {"type": "Feature", "geometry": {"type": "Point", "coordinates": [13.252992, 52.422884]}, "properties": {"name": "Helios Klinikum Emil von Behring GmbH, Helios Klinikum Emil von Behring", "status": {"statusLowCare": "BEGRENZT", "statusHighCare": "NICHT_VERFUEGBAR", "statusECMO": "KEINE_ANGABE"}, "last_update": "2020-12-11T10:10:32Z"}}, {"type": "Feature", "geometry": {"type": "Point", "coordinates": [13.292227, 52.491269]}, "properties": {"name": "Martin-Luther-Krankenhausbetriebs GmbH, Martin-Luther-Krankenhaus", "status": {"statusLowCare": "NICHT_VERFUEGBAR", "statusHighCare": "NICHT_VERFUEGBAR", "statusECMO": "KEINE_ANGABE"}, "last_update": "2020-12-11T09:58:09Z"}}], "date": "12.12.2020"}