{"_id": "27ed064bba34419e97b91665b6f582b6", "_rev": "2-670d222e411fc68c17b73758a15091a2", "date": "01.11.2020", "data": {"type": "FeatureCollection", "features": [{"type": "Feature", "properties": {"death_rate": 1.0482180293501, "cases": 2385, "deaths": 25, "last_update": "01.11.2020, 00:00 Uhr", "GEN": "Berlin Reinickendorf", "cases_per_100k": 918.406247472939, "cases_per_population": 0.918406247472939, "total_recovered": 2155, "new_recovered": 14}}, {"type": "Feature", "properties": {"death_rate": 0.829875518672199, "cases": 2892, "deaths": 24, "last_update": "01.11.2020, 00:00 Uhr", "GEN": "Berlin Charlottenburg-Wilmersdorf", "cases_per_100k": 864.829949671203, "cases_per_population": 0.864829949671203, "total_recovered": 2716, "new_recovered": 9}}, {"type": "Feature", "properties": {"death_rate": 0.958466453674121, "cases": 1252, "deaths": 12, "last_update": "01.11.2020, 00:00 Uhr", "GEN": "Berlin Treptow-K\u00f6penick", "cases_per_100k": 469.814775899853, "cases_per_population": 0.469814775899853, "total_recovered": 1012, "new_recovered": 0}}, {"type": "Feature", "properties": {"death_rate": 1.55228758169935, "cases": 2448, "deaths": 38, "last_update": "01.11.2020, 00:00 Uhr", "GEN": "Berlin Pankow", "cases_per_100k": 615.019746957562, "cases_per_population": 0.615019746957562, "total_recovered": 2291, "new_recovered": 0}}, {"type": "Feature", "properties": {"death_rate": 0.972682119205298, "cases": 4832, "deaths": 47, "last_update": "01.11.2020, 00:00 Uhr", "GEN": "Berlin Neuk\u00f6lln", "cases_per_100k": 1504.71937544181, "cases_per_population": 1.50471937544181, "total_recovered": 4565, "new_recovered": 92}}, {"type": "Feature", "properties": {"death_rate": 1.23609394313968, "cases": 1618, "deaths": 20, "last_update": "01.11.2020, 00:00 Uhr", "GEN": "Berlin Lichtenberg", "cases_per_100k": 564.703582970941, "cases_per_population": 0.564703582970941, "total_recovered": 1491, "new_recovered": 0}}, {"type": "Feature", "properties": {"death_rate": 0.706436420722135, "cases": 1274, "deaths": 9, "last_update": "01.11.2020, 00:00 Uhr", "GEN": "Berlin Marzahn-Hellersdorf", "cases_per_100k": 484.471435579369, "cases_per_population": 0.484471435579369, "total_recovered": 1215, "new_recovered": 5}}, {"type": "Feature", "properties": {"death_rate": 0.502232142857143, "cases": 1792, "deaths": 9, "last_update": "01.11.2020, 00:00 Uhr", "GEN": "Berlin Spandau", "cases_per_100k": 749.731192917718, "cases_per_population": 0.749731192917718, "total_recovered": 1798, "new_recovered": 14}}, {"type": "Feature", "properties": {"death_rate": 0.709555345316935, "cases": 2114, "deaths": 15, "last_update": "01.11.2020, 00:00 Uhr", "GEN": "Berlin Steglitz-Zehlendorf", "cases_per_100k": 699.589975411762, "cases_per_population": 0.699589975411762, "total_recovered": 1610, "new_recovered": 0}}, {"type": "Feature", "properties": {"death_rate": 0.420841683366733, "cases": 4990, "deaths": 21, "last_update": "01.11.2020, 00:00 Uhr", "GEN": "Berlin Mitte", "cases_per_100k": 1329.82267254383, "cases_per_population": 1.32982267254383, "total_recovered": 4396, "new_recovered": 0}}, {"type": "Feature", "properties": {"death_rate": 0.356083086053412, "cases": 3370, "deaths": 12, "last_update": "01.11.2020, 00:00 Uhr", "GEN": "Berlin Friedrichshain-Kreuzberg", "cases_per_100k": 1194.78548814255, "cases_per_population": 1.19478548814255, "total_recovered": 3166, "new_recovered": 0}}, {"type": "Feature", "properties": {"death_rate": 0.888480392156863, "cases": 3264, "deaths": 29, "last_update": "01.11.2020, 00:00 Uhr", "GEN": "Berlin Tempelhof-Sch\u00f6neberg", "cases_per_100k": 955.022646676732, "cases_per_population": 0.955022646676732, "total_recovered": 2770, "new_recovered": 24}}]}}