{"_id": "5a3399d74b4b4787a986b64ef7c7a8d7", "_rev": "5-adf65956e6100dbb542e42048d760aa7", "date": "22.11.2020", "data": {"type": "FeatureCollection", "features": [{"type": "Feature", "properties": {"death_rate": 0.940733772342427, "cases": 4252, "deaths": 40, "last_update": "22.11.2020, 00:00 Uhr", "recovered": null, "GEN": "Berlin Reinickendorf", "cases_per_100k": 1637.34312966664, "cases_per_population": 1.63734312966664, "total_recovered": 2578, "new_recovered": 0}}, {"type": "Feature", "properties": {"death_rate": 0.842358604091456, "cases": 4986, "deaths": 42, "last_update": "22.11.2020, 00:00 Uhr", "recovered": null, "GEN": "Berlin Charlottenburg-Wilmersdorf", "cases_per_100k": 1491.0242493294, "cases_per_population": 1.4910242493294, "total_recovered": 3513, "new_recovered": 1}}, {"type": "Feature", "properties": {"death_rate": 0.702062308029838, "cases": 2279, "deaths": 16, "last_update": "22.11.2020, 00:00 Uhr", "recovered": null, "GEN": "Berlin Treptow-K\u00f6penick", "cases_per_100k": 855.197982648374, "cases_per_population": 0.855197982648374, "total_recovered": 1111, "new_recovered": 0}}, {"type": "Feature", "properties": {"death_rate": 1.21922626025791, "cases": 4265, "deaths": 52, "last_update": "22.11.2020, 00:00 Uhr", "recovered": null, "GEN": "Berlin Pankow", "cases_per_100k": 1071.51111959722, "cases_per_population": 1.07151111959722, "total_recovered": 3229, "new_recovered": 0}}, {"type": "Feature", "properties": {"death_rate": 0.870332996972755, "cases": 7928, "deaths": 69, "last_update": "22.11.2020, 00:00 Uhr", "recovered": null, "GEN": "Berlin Neuk\u00f6lln", "cases_per_100k": 2468.83592891197, "cases_per_population": 2.46883592891197, "total_recovered": 5886, "new_recovered": 2}}, {"type": "Feature", "properties": {"death_rate": 1.27073773385104, "cases": 2833, "deaths": 36, "last_update": "22.11.2020, 00:00 Uhr", "recovered": null, "GEN": "Berlin Lichtenberg", "cases_per_100k": 988.754790208082, "cases_per_population": 0.988754790208082, "total_recovered": 1886, "new_recovered": 0}}, {"type": "Feature", "properties": {"death_rate": 0.719729043183743, "cases": 2362, "deaths": 17, "last_update": "22.11.2020, 00:00 Uhr", "recovered": null, "GEN": "Berlin Marzahn-Hellersdorf", "cases_per_100k": 898.211562667559, "cases_per_population": 0.898211562667559, "total_recovered": 1789, "new_recovered": 0}}, {"type": "Feature", "properties": {"death_rate": 0.617630544637844, "cases": 3562, "deaths": 22, "last_update": "22.11.2020, 00:00 Uhr", "recovered": null, "GEN": "Berlin Spandau", "cases_per_100k": 1490.25809663667, "cases_per_population": 1.49025809663667, "total_recovered": 2675, "new_recovered": 0}}, {"type": "Feature", "properties": {"death_rate": 0.645682001614205, "cases": 3717, "deaths": 24, "last_update": "22.11.2020, 00:00 Uhr", "recovered": null, "GEN": "Berlin Steglitz-Zehlendorf", "cases_per_100k": 1230.07376471406, "cases_per_population": 1.23007376471406, "total_recovered": 1854, "new_recovered": 0}}, {"type": "Feature", "properties": {"death_rate": 0.45678567135473, "cases": 8319, "deaths": 38, "last_update": "22.11.2020, 00:00 Uhr", "recovered": null, "GEN": "Berlin Mitte", "cases_per_100k": 2216.99294847537, "cases_per_population": 2.21699294847537, "total_recovered": 4948, "new_recovered": 0}}, {"type": "Feature", "properties": {"death_rate": 0.604444444444444, "cases": 5625, "deaths": 34, "last_update": "22.11.2020, 00:00 Uhr", "recovered": null, "GEN": "Berlin Friedrichshain-Kreuzberg", "cases_per_100k": 1994.2636115139, "cases_per_population": 1.9942636115139, "total_recovered": 4173, "new_recovered": 0}}, {"type": "Feature", "properties": {"death_rate": 0.95959595959596, "cases": 5940, "deaths": 57, "last_update": "22.11.2020, 00:00 Uhr", "recovered": null, "GEN": "Berlin Tempelhof-Sch\u00f6neberg", "cases_per_100k": 1738.00077244479, "cases_per_population": 1.73800077244479, "total_recovered": 3235, "new_recovered": 0}}]}}