{"_id": "a257c4a9c08b4d02bd7b9fab344eb544", "_rev": "2-dd1d871e005ad2b850a7b64a6c555760", "date": "02.11.2020", "data": {"type": "FeatureCollection", "features": [{"type": "Feature", "properties": {"death_rate": 1.01708706265256, "cases": 2458, "deaths": 25, "last_update": "02.11.2020, 00:00 Uhr", "GEN": "Berlin Reinickendorf", "cases_per_100k": 946.516795089511, "cases_per_population": 0.946516795089511, "total_recovered": 2172, "new_recovered": 17}}, {"type": "Feature", "properties": {"death_rate": 0.809989875126561, "cases": 2963, "deaths": 24, "last_update": "02.11.2020, 00:00 Uhr", "GEN": "Berlin Charlottenburg-Wilmersdorf", "cases_per_100k": 886.061943594666, "cases_per_population": 0.886061943594666, "total_recovered": 2762, "new_recovered": 46}}, {"type": "Feature", "properties": {"death_rate": 0.958466453674121, "cases": 1252, "deaths": 12, "last_update": "02.11.2020, 00:00 Uhr", "GEN": "Berlin Treptow-K\u00f6penick", "cases_per_100k": 469.814775899853, "cases_per_population": 0.469814775899853, "total_recovered": 1025, "new_recovered": 13}}, {"type": "Feature", "properties": {"death_rate": 1.55228758169935, "cases": 2448, "deaths": 38, "last_update": "02.11.2020, 00:00 Uhr", "GEN": "Berlin Pankow", "cases_per_100k": 615.019746957562, "cases_per_population": 0.615019746957562, "total_recovered": 2427, "new_recovered": 136}}, {"type": "Feature", "properties": {"death_rate": 0.972682119205298, "cases": 4832, "deaths": 47, "last_update": "02.11.2020, 00:00 Uhr", "GEN": "Berlin Neuk\u00f6lln", "cases_per_100k": 1504.71937544181, "cases_per_population": 1.50471937544181, "total_recovered": 4693, "new_recovered": 128}}, {"type": "Feature", "properties": {"death_rate": 1.23609394313968, "cases": 1618, "deaths": 20, "last_update": "02.11.2020, 00:00 Uhr", "GEN": "Berlin Lichtenberg", "cases_per_100k": 564.703582970941, "cases_per_population": 0.564703582970941, "total_recovered": 1525, "new_recovered": 34}}, {"type": "Feature", "properties": {"death_rate": 0.700389105058366, "cases": 1285, "deaths": 9, "last_update": "02.11.2020, 00:00 Uhr", "GEN": "Berlin Marzahn-Hellersdorf", "cases_per_100k": 488.654469952504, "cases_per_population": 0.488654469952504, "total_recovered": 1263, "new_recovered": 48}}, {"type": "Feature", "properties": {"death_rate": 0.478978179882916, "cases": 1879, "deaths": 9, "last_update": "02.11.2020, 00:00 Uhr", "GEN": "Berlin Spandau", "cases_per_100k": 786.129972931022, "cases_per_population": 0.786129972931022, "total_recovered": 1851, "new_recovered": 53}}, {"type": "Feature", "properties": {"death_rate": 0.709555345316935, "cases": 2114, "deaths": 15, "last_update": "02.11.2020, 00:00 Uhr", "GEN": "Berlin Steglitz-Zehlendorf", "cases_per_100k": 699.589975411762, "cases_per_population": 0.699589975411762, "total_recovered": 1610, "new_recovered": 0}}, {"type": "Feature", "properties": {"death_rate": 0.420841683366733, "cases": 4990, "deaths": 21, "last_update": "02.11.2020, 00:00 Uhr", "GEN": "Berlin Mitte", "cases_per_100k": 1329.82267254383, "cases_per_population": 1.32982267254383, "total_recovered": 4418, "new_recovered": 22}}, {"type": "Feature", "properties": {"death_rate": 0.352422907488987, "cases": 3405, "deaths": 12, "last_update": "02.11.2020, 00:00 Uhr", "GEN": "Berlin Friedrichshain-Kreuzberg", "cases_per_100k": 1207.19423950308, "cases_per_population": 1.20719423950308, "total_recovered": 3298, "new_recovered": 132}}, {"type": "Feature", "properties": {"death_rate": 0.865930128396536, "cases": 3349, "deaths": 29, "last_update": "02.11.2020, 00:00 Uhr", "GEN": "Berlin Tempelhof-Sch\u00f6neberg", "cases_per_100k": 979.893028100605, "cases_per_population": 0.979893028100605, "total_recovered": 2784, "new_recovered": 14}}]}}