{"_id": "a6c21282f89b4980bafac863f1ddd95f", "_rev": "5-1d7989def2f7d7e9f1145ab6e201a909", "date": "23.11.2020", "data": {"type": "FeatureCollection", "features": [{"type": "Feature", "properties": {"death_rate": 0.930232558139535, "cases": 4300, "deaths": 40, "last_update": "23.11.2020, 00:00 Uhr", "recovered": null, "GEN": "Berlin Reinickendorf", "cases_per_100k": 1655.82677741452, "cases_per_population": 1.65582677741452, "total_recovered": 2692, "new_recovered": 1}}, {"type": "Feature", "properties": {"death_rate": 0.83283759666865, "cases": 5043, "deaths": 42, "last_update": "23.11.2020, 00:00 Uhr", "recovered": null, "GEN": "Berlin Charlottenburg-Wilmersdorf", "cases_per_100k": 1508.06965290176, "cases_per_population": 1.50806965290176, "total_recovered": 3627, "new_recovered": 3}}, {"type": "Feature", "properties": {"death_rate": 0.702062308029838, "cases": 2279, "deaths": 16, "last_update": "23.11.2020, 00:00 Uhr", "recovered": null, "GEN": "Berlin Treptow-K\u00f6penick", "cases_per_100k": 855.197982648374, "cases_per_population": 0.855197982648374, "total_recovered": 1188, "new_recovered": 0}}, {"type": "Feature", "properties": {"death_rate": 1.21922626025791, "cases": 4265, "deaths": 52, "last_update": "23.11.2020, 00:00 Uhr", "recovered": null, "GEN": "Berlin Pankow", "cases_per_100k": 1071.51111959722, "cases_per_population": 1.07151111959722, "total_recovered": 3311, "new_recovered": 1}}, {"type": "Feature", "properties": {"death_rate": 0.870332996972755, "cases": 7928, "deaths": 69, "last_update": "23.11.2020, 00:00 Uhr", "recovered": null, "GEN": "Berlin Neuk\u00f6lln", "cases_per_100k": 2468.83592891197, "cases_per_population": 2.46883592891197, "total_recovered": 6021, "new_recovered": 6}}, {"type": "Feature", "properties": {"death_rate": 1.25962211336599, "cases": 2858, "deaths": 36, "last_update": "23.11.2020, 00:00 Uhr", "recovered": null, "GEN": "Berlin Lichtenberg", "cases_per_100k": 997.480123690327, "cases_per_population": 0.997480123690327, "total_recovered": 1932, "new_recovered": 0}}, {"type": "Feature", "properties": {"death_rate": 0.746268656716418, "cases": 2412, "deaths": 18, "last_update": "23.11.2020, 00:00 Uhr", "recovered": null, "GEN": "Berlin Marzahn-Hellersdorf", "cases_per_100k": 917.225355272715, "cases_per_population": 0.917225355272715, "total_recovered": 1837, "new_recovered": 0}}, {"type": "Feature", "properties": {"death_rate": 0.638179800221976, "cases": 3604, "deaths": 23, "last_update": "23.11.2020, 00:00 Uhr", "recovered": null, "GEN": "Berlin Spandau", "cases_per_100k": 1507.82992147068, "cases_per_population": 1.50782992147068, "total_recovered": 2739, "new_recovered": 3}}, {"type": "Feature", "properties": {"death_rate": 0.632577754348972, "cases": 3794, "deaths": 24, "last_update": "23.11.2020, 00:00 Uhr", "recovered": null, "GEN": "Berlin Steglitz-Zehlendorf", "cases_per_100k": 1255.55551878535, "cases_per_population": 1.25555551878535, "total_recovered": 1942, "new_recovered": 0}}, {"type": "Feature", "properties": {"death_rate": 0.45678567135473, "cases": 8319, "deaths": 38, "last_update": "23.11.2020, 00:00 Uhr", "recovered": null, "GEN": "Berlin Mitte", "cases_per_100k": 2216.99294847537, "cases_per_population": 2.21699294847537, "total_recovered": 5110, "new_recovered": 0}}, {"type": "Feature", "properties": {"death_rate": 0.602089605100053, "cases": 5647, "deaths": 34, "last_update": "23.11.2020, 00:00 Uhr", "recovered": null, "GEN": "Berlin Friedrichshain-Kreuzberg", "cases_per_100k": 2002.06339808338, "cases_per_population": 2.00206339808338, "total_recovered": 4319, "new_recovered": 0}}, {"type": "Feature", "properties": {"death_rate": 0.941370767960363, "cases": 6055, "deaths": 57, "last_update": "23.11.2020, 00:00 Uhr", "recovered": null, "GEN": "Berlin Tempelhof-Sch\u00f6neberg", "cases_per_100k": 1771.64893554768, "cases_per_population": 1.77164893554768, "total_recovered": 3406, "new_recovered": 2}}]}}