{"_id": "d03b81c0768a492db4d7d1c922a90df9", "_rev": "2-0ea6e1aa88a79f8e8c8255b7efc151e4", "date": "12.11.2020", "data": {"type": "FeatureCollection", "features": [{"type": "Feature", "properties": {"death_rate": 0.879854368932039, "cases": 3296, "deaths": 29, "last_update": "12.11.2020, 00:00 Uhr", "GEN": "Berlin Reinickendorf", "cases_per_100k": 1269.21047868797, "cases_per_population": 1.26921047868797, "total_recovered": 2394, "new_recovered": 7}}, {"type": "Feature", "properties": {"death_rate": 0.647410358565737, "cases": 4016, "deaths": 26, "last_update": "12.11.2020, 00:00 Uhr", "GEN": "Berlin Charlottenburg-Wilmersdorf", "cases_per_100k": 1200.95334643138, "cases_per_population": 1.20095334643138, "total_recovered": 3137, "new_recovered": 32}}, {"type": "Feature", "properties": {"death_rate": 0.718562874251497, "cases": 1670, "deaths": 12, "last_update": "12.11.2020, 00:00 Uhr", "GEN": "Berlin Treptow-K\u00f6penick", "cases_per_100k": 626.669868812104, "cases_per_population": 0.626669868812104, "total_recovered": 1047, "new_recovered": 0}}, {"type": "Feature", "properties": {"death_rate": 1.1287988422576, "cases": 3455, "deaths": 39, "last_update": "12.11.2020, 00:00 Uhr", "GEN": "Berlin Pankow", "cases_per_100k": 868.011938618617, "cases_per_population": 0.868011938618617, "total_recovered": 2921, "new_recovered": 22}}, {"type": "Feature", "properties": {"death_rate": 0.950846091861402, "cases": 6205, "deaths": 59, "last_update": "12.11.2020, 00:00 Uhr", "GEN": "Berlin Neuk\u00f6lln", "cases_per_100k": 1932.28139996201, "cases_per_population": 1.93228139996201, "total_recovered": 5371, "new_recovered": 29}}, {"type": "Feature", "properties": {"death_rate": 1.17593848937133, "cases": 2211, "deaths": 26, "last_update": "12.11.2020, 00:00 Uhr", "GEN": "Berlin Lichtenberg", "cases_per_100k": 771.668493169809, "cases_per_population": 0.771668493169809, "total_recovered": 1736, "new_recovered": 1}}, {"type": "Feature", "properties": {"death_rate": 0.681818181818182, "cases": 1760, "deaths": 12, "last_update": "12.11.2020, 00:00 Uhr", "GEN": "Berlin Marzahn-Hellersdorf", "cases_per_100k": 669.285499701483, "cases_per_population": 0.669285499701483, "total_recovered": 1551, "new_recovered": 40}}, {"type": "Feature", "properties": {"death_rate": 0.661221314663555, "cases": 2571, "deaths": 17, "last_update": "12.11.2020, 00:00 Uhr", "GEN": "Berlin Spandau", "cases_per_100k": 1075.64670591041, "cases_per_population": 1.07564670591041, "total_recovered": 2306, "new_recovered": 43}}, {"type": "Feature", "properties": {"death_rate": 0.629163582531458, "cases": 2702, "deaths": 17, "last_update": "12.11.2020, 00:00 Uhr", "GEN": "Berlin Steglitz-Zehlendorf", "cases_per_100k": 894.177915592517, "cases_per_population": 0.894177915592517, "total_recovered": 1611, "new_recovered": 1}}, {"type": "Feature", "properties": {"death_rate": 0.472813238770686, "cases": 6345, "deaths": 30, "last_update": "12.11.2020, 00:00 Uhr", "GEN": "Berlin Mitte", "cases_per_100k": 1690.92682510833, "cases_per_population": 1.69092682510833, "total_recovered": 4540, "new_recovered": 4}}, {"type": "Feature", "properties": {"death_rate": 0.452920143027414, "cases": 4195, "deaths": 19, "last_update": "12.11.2020, 00:00 Uhr", "GEN": "Berlin Friedrichshain-Kreuzberg", "cases_per_100k": 1487.27748449792, "cases_per_population": 1.48727748449792, "total_recovered": 3637, "new_recovered": 19}}, {"type": "Feature", "properties": {"death_rate": 0.741525423728814, "cases": 4720, "deaths": 35, "last_update": "12.11.2020, 00:00 Uhr", "GEN": "Berlin Tempelhof-Sch\u00f6neberg", "cases_per_100k": 1381.03765083155, "cases_per_population": 1.38103765083155, "total_recovered": 2965, "new_recovered": 3}}]}}