{"_id": "46882c60ed744857a6acb3c86e12e927", "_rev": "5-4b24ff2760fe0cba34d1a3f2f78c8969", "date": "04.12.2020", "data": {"type": "FeatureCollection", "features": [{"type": "Feature", "properties": {"death_rate": 1.08488770460601, "cases": 5254, "deaths": 57, "last_update": "04.12.2020, 00:00 Uhr", "recovered": null, "GEN": "Berlin Reinickendorf", "cases_per_100k": 2023.1892764037, "cases_per_population": 2.0231892764037, "total_recovered": 3659, "new_recovered": 0}}, {"type": "Feature", "properties": {"death_rate": 0.951903807615231, "cases": 5988, "deaths": 57, "last_update": "04.12.2020, 00:00 Uhr", "recovered": null, "GEN": "Berlin Charlottenburg-Wilmersdorf", "cases_per_100k": 1790.66450160137, "cases_per_population": 1.79066450160137, "total_recovered": 4717, "new_recovered": 0}}, {"type": "Feature", "properties": {"death_rate": 0.673997871585669, "cases": 2819, "deaths": 19, "last_update": "04.12.2020, 00:00 Uhr", "recovered": null, "GEN": "Berlin Treptow-K\u00f6penick", "cases_per_100k": 1057.83374861157, "cases_per_population": 1.05783374861157, "total_recovered": 1605, "new_recovered": 2}}, {"type": "Feature", "properties": {"death_rate": 1.08755760368664, "cases": 5425, "deaths": 59, "last_update": "04.12.2020, 00:00 Uhr", "recovered": null, "GEN": "Berlin Pankow", "cases_per_100k": 1362.94204544313, "cases_per_population": 1.36294204544313, "total_recovered": 4063, "new_recovered": 0}}, {"type": "Feature", "properties": {"death_rate": 1.04768013683985, "cases": 9354, "deaths": 98, "last_update": "04.12.2020, 00:00 Uhr", "recovered": null, "GEN": "Berlin Neuk\u00f6lln", "cases_per_100k": 2912.9025326744, "cases_per_population": 2.9129025326744, "total_recovered": 7518, "new_recovered": 2}}, {"type": "Feature", "properties": {"death_rate": 1.31615026048807, "cases": 3647, "deaths": 48, "last_update": "04.12.2020, 00:00 Uhr", "recovered": null, "GEN": "Berlin Lichtenberg", "cases_per_100k": 1272.85164839, "cases_per_population": 1.27285164839, "total_recovered": 2523, "new_recovered": 0}}, {"type": "Feature", "properties": {"death_rate": 0.863787375415282, "cases": 3010, "deaths": 26, "last_update": "04.12.2020, 00:00 Uhr", "recovered": null, "GEN": "Berlin Marzahn-Hellersdorf", "cases_per_100k": 1144.63031483038, "cases_per_population": 1.14463031483038, "total_recovered": 2389, "new_recovered": 1}}, {"type": "Feature", "properties": {"death_rate": 0.962745918794475, "cases": 4778, "deaths": 46, "last_update": "04.12.2020, 00:00 Uhr", "recovered": null, "GEN": "Berlin Spandau", "cases_per_100k": 1999.00426325941, "cases_per_population": 1.99900426325941, "total_recovered": 3608, "new_recovered": 3}}, {"type": "Feature", "properties": {"death_rate": 0.58074603529149, "cases": 4477, "deaths": 26, "last_update": "04.12.2020, 00:00 Uhr", "recovered": null, "GEN": "Berlin Steglitz-Zehlendorf", "cases_per_100k": 1481.58198671639, "cases_per_population": 1.48158198671639, "total_recovered": 2624, "new_recovered": 5}}, {"type": "Feature", "properties": {"death_rate": 0.576428203808544, "cases": 9715, "deaths": 56, "last_update": "04.12.2020, 00:00 Uhr", "recovered": null, "GEN": "Berlin Mitte", "cases_per_100k": 2589.02349975216, "cases_per_population": 2.58902349975216, "total_recovered": 6273, "new_recovered": 0}}, {"type": "Feature", "properties": {"death_rate": 0.687490659094306, "cases": 6691, "deaths": 46, "last_update": "04.12.2020, 00:00 Uhr", "recovered": null, "GEN": "Berlin Friedrichshain-Kreuzberg", "cases_per_100k": 2372.19872438036, "cases_per_population": 2.37219872438036, "total_recovered": 5667, "new_recovered": 3}}, {"type": "Feature", "properties": {"death_rate": 1.40136054421769, "cases": 7350, "deaths": 103, "last_update": "04.12.2020, 00:00 Uhr", "recovered": null, "GEN": "Berlin Tempelhof-Sch\u00f6neberg", "cases_per_100k": 2150.55651135845, "cases_per_population": 2.15055651135845, "total_recovered": 5067, "new_recovered": 0}}]}}