{"_id": "e4270df6681442b7af1a0e2d561d4684", "_rev": "1-1589c50d0453e53f20568d0be3b15bf3", "date": "12.12.2020", "data": {"type": "FeatureCollection", "features": [{"type": "Feature", "properties": {"death_rate": 1.39402082633524, "cases": 5954, "deaths": 83, "last_update": "12.12.2020, 00:00 Uhr", "recovered": null, "GEN": "Berlin Reinickendorf", "cases_per_100k": 2292.74247272699, "cases_per_population": 2.29274247272699}}, {"type": "Feature", "properties": {"death_rate": 1.02934398525119, "cases": 6509, "deaths": 67, "last_update": "12.12.2020, 00:00 Uhr", "recovered": null, "GEN": "Berlin Charlottenburg-Wilmersdorf", "cases_per_100k": 1946.46547109608, "cases_per_population": 1.94646547109608}}, {"type": "Feature", "properties": {"death_rate": 0.694444444444444, "cases": 3456, "deaths": 24, "last_update": "12.12.2020, 00:00 Uhr", "recovered": null, "GEN": "Berlin Treptow-K\u00f6penick", "cases_per_100k": 1296.86890216445, "cases_per_population": 1.29686890216445}}, {"type": "Feature", "properties": {"death_rate": 1.08232207281076, "cases": 6098, "deaths": 66, "last_update": "12.12.2020, 00:00 Uhr", "recovered": null, "GEN": "Berlin Pankow", "cases_per_100k": 1532.0222291451, "cases_per_population": 1.5320222291451}}, {"type": "Feature", "properties": {"death_rate": 1.14986955261378, "cases": 10349, "deaths": 119, "last_update": "12.12.2020, 00:00 Uhr", "recovered": null, "GEN": "Berlin Neuk\u00f6lln", "cases_per_100k": 3222.75265241045, "cases_per_population": 3.22275265241045}}, {"type": "Feature", "properties": {"death_rate": 1.42822561123215, "cases": 4131, "deaths": 59, "last_update": "12.12.2020, 00:00 Uhr", "recovered": null, "GEN": "Berlin Lichtenberg", "cases_per_100k": 1441.77410460628, "cases_per_population": 1.44177410460628}}, {"type": "Feature", "properties": {"death_rate": 0.792079207920792, "cases": 3535, "deaths": 28, "last_update": "12.12.2020, 00:00 Uhr", "recovered": null, "GEN": "Berlin Marzahn-Hellersdorf", "cases_per_100k": 1344.27513718451, "cases_per_population": 1.34427513718451}}, {"type": "Feature", "properties": {"death_rate": 1.06853352984525, "cases": 5428, "deaths": 58, "last_update": "12.12.2020, 00:00 Uhr", "recovered": null, "GEN": "Berlin Spandau", "cases_per_100k": 2270.94917140478, "cases_per_population": 2.27094917140478}}, {"type": "Feature", "properties": {"death_rate": 0.502699683485385, "cases": 5371, "deaths": 27, "last_update": "12.12.2020, 00:00 Uhr", "recovered": null, "GEN": "Berlin Steglitz-Zehlendorf", "cases_per_100k": 1777.4350794402, "cases_per_population": 1.7774350794402}}, {"type": "Feature", "properties": {"death_rate": 0.670955882352941, "cases": 10880, "deaths": 73, "last_update": "12.12.2020, 00:00 Uhr", "recovered": null, "GEN": "Berlin Mitte", "cases_per_100k": 2899.49312169876, "cases_per_population": 2.89949312169876}}, {"type": "Feature", "properties": {"death_rate": 0.659843792081874, "cases": 7426, "deaths": 49, "last_update": "12.12.2020, 00:00 Uhr", "recovered": null, "GEN": "Berlin Friedrichshain-Kreuzberg", "cases_per_100k": 2632.78250295151, "cases_per_population": 2.63278250295151}}, {"type": "Feature", "properties": {"death_rate": 1.69743526204931, "cases": 8071, "deaths": 137, "last_update": "12.12.2020, 00:00 Uhr", "recovered": null, "GEN": "Berlin Tempelhof-Sch\u00f6neberg", "cases_per_100k": 2361.51586437742, "cases_per_population": 2.36151586437742}}]}}