{"_id": "80f99a55148a4e90ae71a273bf95e8e6", "_rev": "5-2d67b562b255a3f064631cd040fa1dfc", "date": "06.12.2020", "data": {"type": "FeatureCollection", "features": [{"type": "Feature", "properties": {"death_rate": 1.13719735876742, "cases": 5452, "deaths": 62, "last_update": "06.12.2020, 00:00 Uhr", "recovered": null, "GEN": "Berlin Reinickendorf", "cases_per_100k": 2099.43432336372, "cases_per_population": 2.09943432336372, "total_recovered": 3872, "new_recovered": 0}}, {"type": "Feature", "properties": {"death_rate": 0.991708665257682, "cases": 6151, "deaths": 61, "last_update": "06.12.2020, 00:00 Uhr", "recovered": null, "GEN": "Berlin Charlottenburg-Wilmersdorf", "cases_per_100k": 1839.40837497496, "cases_per_population": 1.83940837497496, "total_recovered": 4908, "new_recovered": 0}}, {"type": "Feature", "properties": {"death_rate": 0.641241984475194, "cases": 2963, "deaths": 19, "last_update": "06.12.2020, 00:00 Uhr", "recovered": null, "GEN": "Berlin Treptow-K\u00f6penick", "cases_per_100k": 1111.86995286842, "cases_per_population": 1.11186995286842, "total_recovered": 1702, "new_recovered": 0}}, {"type": "Feature", "properties": {"death_rate": 1.05924596050269, "cases": 5570, "deaths": 59, "last_update": "06.12.2020, 00:00 Uhr", "recovered": null, "GEN": "Berlin Pankow", "cases_per_100k": 1399.37091117386, "cases_per_population": 1.39937091117386, "total_recovered": 4246, "new_recovered": 0}}, {"type": "Feature", "properties": {"death_rate": 1.06272140029173, "cases": 9598, "deaths": 102, "last_update": "06.12.2020, 00:00 Uhr", "recovered": null, "GEN": "Berlin Neuk\u00f6lln", "cases_per_100k": 2988.88587861972, "cases_per_population": 2.98888587861972, "total_recovered": 7824, "new_recovered": 0}}, {"type": "Feature", "properties": {"death_rate": 1.26984126984127, "cases": 3780, "deaths": 48, "last_update": "06.12.2020, 00:00 Uhr", "recovered": null, "GEN": "Berlin Lichtenberg", "cases_per_100k": 1319.27042251555, "cases_per_population": 1.31927042251555, "total_recovered": 2640, "new_recovered": 0}}, {"type": "Feature", "properties": {"death_rate": 0.825396825396825, "cases": 3150, "deaths": 26, "last_update": "06.12.2020, 00:00 Uhr", "recovered": null, "GEN": "Berlin Marzahn-Hellersdorf", "cases_per_100k": 1197.86893412481, "cases_per_population": 1.19786893412481, "total_recovered": 2465, "new_recovered": 0}}, {"type": "Feature", "properties": {"death_rate": 1.0710035700119, "cases": 5042, "deaths": 54, "last_update": "06.12.2020, 00:00 Uhr", "recovered": null, "GEN": "Berlin Spandau", "cases_per_100k": 2109.45573364461, "cases_per_population": 2.10945573364461, "total_recovered": 3784, "new_recovered": 0}}, {"type": "Feature", "properties": {"death_rate": 0.5474836807749, "cases": 4749, "deaths": 26, "last_update": "06.12.2020, 00:00 Uhr", "recovered": null, "GEN": "Berlin Steglitz-Zehlendorf", "cases_per_100k": 1571.59545564355, "cases_per_population": 1.57159545564355, "total_recovered": 2865, "new_recovered": 0}}, {"type": "Feature", "properties": {"death_rate": 0.606965174129353, "cases": 10050, "deaths": 61, "last_update": "06.12.2020, 00:00 Uhr", "recovered": null, "GEN": "Berlin Mitte", "cases_per_100k": 2678.3001721574, "cases_per_population": 2.6783001721574, "total_recovered": 6724, "new_recovered": 0}}, {"type": "Feature", "properties": {"death_rate": 0.655457395269307, "cases": 7018, "deaths": 46, "last_update": "06.12.2020, 00:00 Uhr", "recovered": null, "GEN": "Berlin Friedrichshain-Kreuzberg", "cases_per_100k": 2488.13191566304, "cases_per_population": 2.48813191566303, "total_recovered": 5899, "new_recovered": 0}}, {"type": "Feature", "properties": {"death_rate": 1.52035959809625, "cases": 7564, "deaths": 115, "last_update": "06.12.2020, 00:00 Uhr", "recovered": null, "GEN": "Berlin Tempelhof-Sch\u00f6neberg", "cases_per_100k": 2213.17135400208, "cases_per_population": 2.21317135400208, "total_recovered": 5440, "new_recovered": 0}}]}}