{"_id": "39d1dbff659c4f4a84ba587e377092d7", "_rev": "2-649c5e1a3fc50775b2d950e6464ad273", "date": "07.11.2020", "data": {"type": "FeatureCollection", "features": [{"type": "Feature", "properties": {"death_rate": 0.976971388695045, "cases": 2866, "deaths": 28, "last_update": "07.11.2020, 00:00 Uhr", "GEN": "Berlin Reinickendorf", "cases_per_100k": 1103.62780094652, "cases_per_population": 1.10362780094652, "total_recovered": 2322, "new_recovered": 4}}, {"type": "Feature", "properties": {"death_rate": 0.739476678043231, "cases": 3516, "deaths": 26, "last_update": "07.11.2020, 00:00 Uhr", "GEN": "Berlin Charlottenburg-Wilmersdorf", "cases_per_100k": 1051.43226246333, "cases_per_population": 1.05143226246333, "total_recovered": 3002, "new_recovered": 18}}, {"type": "Feature", "properties": {"death_rate": 0.801603206412826, "cases": 1497, "deaths": 12, "last_update": "07.11.2020, 00:00 Uhr", "GEN": "Berlin Treptow-K\u00f6penick", "cases_per_100k": 561.751373420192, "cases_per_population": 0.561751373420192, "total_recovered": 1039, "new_recovered": 0}}, {"type": "Feature", "properties": {"death_rate": 1.28840436075322, "cases": 3027, "deaths": 39, "last_update": "07.11.2020, 00:00 Uhr", "GEN": "Berlin Pankow", "cases_per_100k": 760.48397632375, "cases_per_population": 0.76048397632375, "total_recovered": 2719, "new_recovered": 0}}, {"type": "Feature", "properties": {"death_rate": 0.938726745178358, "cases": 5859, "deaths": 55, "last_update": "07.11.2020, 00:00 Uhr", "GEN": "Berlin Neuk\u00f6lln", "cases_per_100k": 1824.5345241543, "cases_per_population": 1.8245345241543, "total_recovered": 5084, "new_recovered": 4}}, {"type": "Feature", "properties": {"death_rate": 1.20545073375262, "cases": 1908, "deaths": 23, "last_update": "07.11.2020, 00:00 Uhr", "GEN": "Berlin Lichtenberg", "cases_per_100k": 665.917451364991, "cases_per_population": 0.665917451364991, "total_recovered": 1709, "new_recovered": 19}}, {"type": "Feature", "properties": {"death_rate": 0.59445178335535, "cases": 1514, "deaths": 9, "last_update": "07.11.2020, 00:00 Uhr", "GEN": "Berlin Marzahn-Hellersdorf", "cases_per_100k": 575.737640084117, "cases_per_population": 0.575737640084117, "total_recovered": 1441, "new_recovered": 20}}, {"type": "Feature", "properties": {"death_rate": 0.573192239858906, "cases": 2268, "deaths": 13, "last_update": "07.11.2020, 00:00 Uhr", "GEN": "Berlin Spandau", "cases_per_100k": 948.878541036487, "cases_per_population": 0.948878541036487, "total_recovered": 2141, "new_recovered": 10}}, {"type": "Feature", "properties": {"death_rate": 0.686868686868687, "cases": 2475, "deaths": 17, "last_update": "07.11.2020, 00:00 Uhr", "GEN": "Berlin Steglitz-Zehlendorf", "cases_per_100k": 819.056380862872, "cases_per_population": 0.819056380862872, "total_recovered": 1610, "new_recovered": 0}}, {"type": "Feature", "properties": {"death_rate": 0.403650403650404, "cases": 5698, "deaths": 23, "last_update": "07.11.2020, 00:00 Uhr", "GEN": "Berlin Mitte", "cases_per_100k": 1518.5029234779, "cases_per_population": 1.5185029234779, "total_recovered": 4514, "new_recovered": 0}}, {"type": "Feature", "properties": {"death_rate": 0.427243025885901, "cases": 3979, "deaths": 17, "last_update": "07.11.2020, 00:00 Uhr", "GEN": "Berlin Friedrichshain-Kreuzberg", "cases_per_100k": 1410.69776181579, "cases_per_population": 1.41069776181579, "total_recovered": 3534, "new_recovered": 3}}, {"type": "Feature", "properties": {"death_rate": 0.735474380975729, "cases": 4079, "deaths": 30, "last_update": "07.11.2020, 00:00 Uhr", "GEN": "Berlin Tempelhof-Sch\u00f6neberg", "cases_per_100k": 1193.48571562328, "cases_per_population": 1.19348571562328, "total_recovered": 2943, "new_recovered": 6}}]}}