{"_id": "7a881efed77d4926a02ed9e4bd9d01fc", "_rev": "5-00af006eea31092c6ca2e39ba33b7542", "date": "24.11.2020", "data": {"type": "FeatureCollection", "features": [{"type": "Feature", "properties": {"death_rate": 0.921658986175115, "cases": 4340, "deaths": 40, "last_update": "24.11.2020, 00:00 Uhr", "recovered": null, "GEN": "Berlin Reinickendorf", "cases_per_100k": 1671.22981720443, "cases_per_population": 1.67122981720443, "total_recovered": 2761, "new_recovered": 1}}, {"type": "Feature", "properties": {"death_rate": 0.879593432369038, "cases": 5116, "deaths": 45, "last_update": "24.11.2020, 00:00 Uhr", "recovered": null, "GEN": "Berlin Charlottenburg-Wilmersdorf", "cases_per_100k": 1529.89973116109, "cases_per_population": 1.52989973116109, "total_recovered": 3727, "new_recovered": 1}}, {"type": "Feature", "properties": {"death_rate": 0.689655172413793, "cases": 2320, "deaths": 16, "last_update": "24.11.2020, 00:00 Uhr", "recovered": null, "GEN": "Berlin Treptow-K\u00f6penick", "cases_per_100k": 870.583290804839, "cases_per_population": 0.870583290804839, "total_recovered": 1240, "new_recovered": 0}}, {"type": "Feature", "properties": {"death_rate": 1.1756726203934, "cases": 4423, "deaths": 52, "last_update": "24.11.2020, 00:00 Uhr", "recovered": null, "GEN": "Berlin Pankow", "cases_per_100k": 1111.20602156589, "cases_per_population": 1.11120602156589, "total_recovered": 3380, "new_recovered": 0}}, {"type": "Feature", "properties": {"death_rate": 0.893743793445879, "cases": 8056, "deaths": 72, "last_update": "24.11.2020, 00:00 Uhr", "recovered": null, "GEN": "Berlin Neuk\u00f6lln", "cases_per_100k": 2508.69604481772, "cases_per_population": 2.50869604481772, "total_recovered": 6258, "new_recovered": 9}}, {"type": "Feature", "properties": {"death_rate": 1.24009645194626, "cases": 2903, "deaths": 36, "last_update": "24.11.2020, 00:00 Uhr", "recovered": null, "GEN": "Berlin Lichtenberg", "cases_per_100k": 1013.18572395837, "cases_per_population": 1.01318572395837, "total_recovered": 1970, "new_recovered": 0}}, {"type": "Feature", "properties": {"death_rate": 0.737100737100737, "cases": 2442, "deaths": 18, "last_update": "24.11.2020, 00:00 Uhr", "recovered": null, "GEN": "Berlin Marzahn-Hellersdorf", "cases_per_100k": 928.633630835808, "cases_per_population": 0.928633630835808, "total_recovered": 1894, "new_recovered": 0}}, {"type": "Feature", "properties": {"death_rate": 0.638179800221976, "cases": 3604, "deaths": 23, "last_update": "24.11.2020, 00:00 Uhr", "recovered": null, "GEN": "Berlin Spandau", "cases_per_100k": 1507.82992147068, "cases_per_population": 1.50782992147068, "total_recovered": 2834, "new_recovered": 3}}, {"type": "Feature", "properties": {"death_rate": 0.632577754348972, "cases": 3794, "deaths": 24, "last_update": "24.11.2020, 00:00 Uhr", "recovered": null, "GEN": "Berlin Steglitz-Zehlendorf", "cases_per_100k": 1255.55551878535, "cases_per_population": 1.25555551878535, "total_recovered": 1997, "new_recovered": 0}}, {"type": "Feature", "properties": {"death_rate": 0.453406514735712, "cases": 8381, "deaths": 38, "last_update": "24.11.2020, 00:00 Uhr", "recovered": null, "GEN": "Berlin Mitte", "cases_per_100k": 2233.51579530858, "cases_per_population": 2.23351579530858, "total_recovered": 5215, "new_recovered": 1}}, {"type": "Feature", "properties": {"death_rate": 0.598802395209581, "cases": 5678, "deaths": 34, "last_update": "24.11.2020, 00:00 Uhr", "recovered": null, "GEN": "Berlin Friedrichshain-Kreuzberg", "cases_per_100k": 2013.05400643128, "cases_per_population": 2.01305400643128, "total_recovered": 4459, "new_recovered": 2}}, {"type": "Feature", "properties": {"death_rate": 0.927703134996801, "cases": 6252, "deaths": 58, "last_update": "24.11.2020, 00:00 Uhr", "recovered": null, "GEN": "Berlin Tempelhof-Sch\u00f6neberg", "cases_per_100k": 1829.28970190653, "cases_per_population": 1.82928970190653, "total_recovered": 3532, "new_recovered": 0}}]}}