{"_id": "914a5fcf0b904047947f9508efda3dfe", "_rev": "2-38ebc20b326dcab71db841d323c1e101", "date": "08.11.2020", "data": {"type": "FeatureCollection", "features": [{"type": "Feature", "properties": {"death_rate": 0.956284153005465, "cases": 2928, "deaths": 28, "last_update": "08.11.2020, 00:00 Uhr", "GEN": "Berlin Reinickendorf", "cases_per_100k": 1127.50251262087, "cases_per_population": 1.12750251262087, "total_recovered": 2335, "new_recovered": 13}}, {"type": "Feature", "properties": {"death_rate": 0.723226703755216, "cases": 3595, "deaths": 26, "last_update": "08.11.2020, 00:00 Uhr", "GEN": "Berlin Charlottenburg-Wilmersdorf", "cases_per_100k": 1075.05659373028, "cases_per_population": 1.07505659373028, "total_recovered": 3007, "new_recovered": 5}}, {"type": "Feature", "properties": {"death_rate": 0.779727095516569, "cases": 1539, "deaths": 12, "last_update": "08.11.2020, 00:00 Uhr", "GEN": "Berlin Treptow-K\u00f6penick", "cases_per_100k": 577.511932995107, "cases_per_population": 0.577511932995107, "total_recovered": 1039, "new_recovered": 0}}, {"type": "Feature", "properties": {"death_rate": 1.28840436075322, "cases": 3027, "deaths": 39, "last_update": "08.11.2020, 00:00 Uhr", "GEN": "Berlin Pankow", "cases_per_100k": 760.48397632375, "cases_per_population": 0.76048397632375, "total_recovered": 2719, "new_recovered": 0}}, {"type": "Feature", "properties": {"death_rate": 0.934738273283481, "cases": 5884, "deaths": 55, "last_update": "08.11.2020, 00:00 Uhr", "GEN": "Berlin Neuk\u00f6lln", "cases_per_100k": 1832.31970304214, "cases_per_population": 1.83231970304214, "total_recovered": 5119, "new_recovered": 35}}, {"type": "Feature", "properties": {"death_rate": 1.17227319062181, "cases": 1962, "deaths": 23, "last_update": "08.11.2020, 00:00 Uhr", "GEN": "Berlin Lichtenberg", "cases_per_100k": 684.764171686642, "cases_per_population": 0.684764171686642, "total_recovered": 1709, "new_recovered": 0}}, {"type": "Feature", "properties": {"death_rate": 0.573248407643312, "cases": 1570, "deaths": 9, "last_update": "08.11.2020, 00:00 Uhr", "GEN": "Berlin Marzahn-Hellersdorf", "cases_per_100k": 597.033087801892, "cases_per_population": 0.597033087801891, "total_recovered": 1449, "new_recovered": 8}}, {"type": "Feature", "properties": {"death_rate": 0.544616673648932, "cases": 2387, "deaths": 13, "last_update": "08.11.2020, 00:00 Uhr", "GEN": "Berlin Spandau", "cases_per_100k": 998.665378066179, "cases_per_population": 0.998665378066179, "total_recovered": 2174, "new_recovered": 33}}, {"type": "Feature", "properties": {"death_rate": 0.671406003159558, "cases": 2532, "deaths": 17, "last_update": "08.11.2020, 00:00 Uhr", "GEN": "Berlin Steglitz-Zehlendorf", "cases_per_100k": 837.919497513047, "cases_per_population": 0.837919497513047, "total_recovered": 1610, "new_recovered": 0}}, {"type": "Feature", "properties": {"death_rate": 0.413080895008606, "cases": 5810, "deaths": 24, "last_update": "08.11.2020, 00:00 Uhr", "GEN": "Berlin Mitte", "cases_per_100k": 1548.3506467895, "cases_per_population": 1.5483506467895, "total_recovered": 4514, "new_recovered": 0}}, {"type": "Feature", "properties": {"death_rate": 0.425106276569142, "cases": 3999, "deaths": 17, "last_update": "08.11.2020, 00:00 Uhr", "GEN": "Berlin Friedrichshain-Kreuzberg", "cases_per_100k": 1417.78847687895, "cases_per_population": 1.41778847687895, "total_recovered": 3534, "new_recovered": 0}}, {"type": "Feature", "properties": {"death_rate": 0.746987951807229, "cases": 4150, "deaths": 31, "last_update": "08.11.2020, 00:00 Uhr", "GEN": "Berlin Tempelhof-Sch\u00f6neberg", "cases_per_100k": 1214.25979893028, "cases_per_population": 1.21425979893028, "total_recovered": 2943, "new_recovered": 0}}]}}