{"_id": "4f7fee15b7034deba29fffa06f3b5d0c", "_rev": "2-a90e8533b17c5d6bdc6e12c6027327eb", "date": "05.11.2020", "data": {"type": "FeatureCollection", "features": [{"type": "Feature", "properties": {"death_rate": 1.00446428571429, "cases": 2688, "deaths": 27, "last_update": "05.11.2020, 00:00 Uhr", "GEN": "Berlin Reinickendorf", "cases_per_100k": 1035.08427388145, "cases_per_population": 1.03508427388145, "total_recovered": 2289, "new_recovered": 41}}, {"type": "Feature", "properties": {"death_rate": 0.782227784730914, "cases": 3196, "deaths": 25, "last_update": "05.11.2020, 00:00 Uhr", "GEN": "Berlin Charlottenburg-Wilmersdorf", "cases_per_100k": 955.738768723778, "cases_per_population": 0.955738768723778, "total_recovered": 2927, "new_recovered": 57}}, {"type": "Feature", "properties": {"death_rate": 0.867052023121387, "cases": 1384, "deaths": 12, "last_update": "05.11.2020, 00:00 Uhr", "GEN": "Berlin Treptow-K\u00f6penick", "cases_per_100k": 519.347963135301, "cases_per_population": 0.519347963135301, "total_recovered": 1038, "new_recovered": 4}}, {"type": "Feature", "properties": {"death_rate": 1.35957066189624, "cases": 2795, "deaths": 38, "last_update": "05.11.2020, 00:00 Uhr", "GEN": "Berlin Pankow", "cases_per_100k": 702.197791154569, "cases_per_population": 0.702197791154569, "total_recovered": 2647, "new_recovered": 85}}, {"type": "Feature", "properties": {"death_rate": 0.906567992599445, "cases": 5405, "deaths": 49, "last_update": "05.11.2020, 00:00 Uhr", "GEN": "Berlin Neuk\u00f6lln", "cases_per_100k": 1683.15567555111, "cases_per_population": 1.68315567555111, "total_recovered": 5009, "new_recovered": 121}}, {"type": "Feature", "properties": {"death_rate": 1.22018857459789, "cases": 1803, "deaths": 22, "last_update": "05.11.2020, 00:00 Uhr", "GEN": "Berlin Lichtenberg", "cases_per_100k": 629.271050739559, "cases_per_population": 0.629271050739559, "total_recovered": 1645, "new_recovered": 30}}, {"type": "Feature", "properties": {"death_rate": 0.626740947075209, "cases": 1436, "deaths": 9, "last_update": "05.11.2020, 00:00 Uhr", "GEN": "Berlin Marzahn-Hellersdorf", "cases_per_100k": 546.076123620074, "cases_per_population": 0.546076123620074, "total_recovered": 1372, "new_recovered": 31}}, {"type": "Feature", "properties": {"death_rate": 0.477554918815664, "cases": 2094, "deaths": 10, "last_update": "05.11.2020, 00:00 Uhr", "GEN": "Berlin Spandau", "cases_per_100k": 876.080981009878, "cases_per_population": 0.876080981009878, "total_recovered": 2045, "new_recovered": 75}}, {"type": "Feature", "properties": {"death_rate": 0.647668393782383, "cases": 2316, "deaths": 15, "last_update": "05.11.2020, 00:00 Uhr", "GEN": "Berlin Steglitz-Zehlendorf", "cases_per_100k": 766.438213365015, "cases_per_population": 0.766438213365015, "total_recovered": 1610, "new_recovered": 0}}, {"type": "Feature", "properties": {"death_rate": 0.392303381281524, "cases": 5353, "deaths": 21, "last_update": "05.11.2020, 00:00 Uhr", "GEN": "Berlin Mitte", "cases_per_100k": 1426.56127577697, "cases_per_population": 1.42656127577697, "total_recovered": 4491, "new_recovered": 53}}, {"type": "Feature", "properties": {"death_rate": 0.404967602591793, "cases": 3704, "deaths": 15, "last_update": "05.11.2020, 00:00 Uhr", "GEN": "Berlin Friedrichshain-Kreuzberg", "cases_per_100k": 1313.20042969733, "cases_per_population": 1.31320042969733, "total_recovered": 3518, "new_recovered": 42}}, {"type": "Feature", "properties": {"death_rate": 0.763760863839874, "cases": 3797, "deaths": 29, "last_update": "05.11.2020, 00:00 Uhr", "GEN": "Berlin Tempelhof-Sch\u00f6neberg", "cases_per_100k": 1110.97456784055, "cases_per_population": 1.11097456784055, "total_recovered": 2907, "new_recovered": 44}}]}}