{"_id": "56784c09bbd0456e90cbaa42605c6de6", "_rev": "5-fa1c57d8c6ff03b150661f5ad0d31013", "date": "03.12.2020", "data": {"type": "FeatureCollection", "features": [{"type": "Feature", "properties": {"death_rate": 1.09076743280093, "cases": 5134, "deaths": 56, "last_update": "03.12.2020, 00:00 Uhr", "recovered": null, "GEN": "Berlin Reinickendorf", "cases_per_100k": 1976.98015703399, "cases_per_population": 1.97698015703399, "total_recovered": 3575, "new_recovered": 2}}, {"type": "Feature", "properties": {"death_rate": 0.934897161312256, "cases": 5883, "deaths": 55, "last_update": "03.12.2020, 00:00 Uhr", "recovered": null, "GEN": "Berlin Charlottenburg-Wilmersdorf", "cases_per_100k": 1759.26507396808, "cases_per_population": 1.75926507396808, "total_recovered": 4666, "new_recovered": 0}}, {"type": "Feature", "properties": {"death_rate": 0.691411935953421, "cases": 2748, "deaths": 19, "last_update": "03.12.2020, 00:00 Uhr", "recovered": null, "GEN": "Berlin Treptow-K\u00f6penick", "cases_per_100k": 1031.19089790159, "cases_per_population": 1.03119089790159, "total_recovered": 1602, "new_recovered": 0}}, {"type": "Feature", "properties": {"death_rate": 1.0369532428356, "cases": 5304, "deaths": 55, "last_update": "03.12.2020, 00:00 Uhr", "recovered": null, "GEN": "Berlin Pankow", "cases_per_100k": 1332.54278507472, "cases_per_population": 1.33254278507472, "total_recovered": 4026, "new_recovered": 1}}, {"type": "Feature", "properties": {"death_rate": 1.04604766526475, "cases": 9273, "deaths": 97, "last_update": "03.12.2020, 00:00 Uhr", "recovered": null, "GEN": "Berlin Neuk\u00f6lln", "cases_per_100k": 2887.67855307779, "cases_per_population": 2.88767855307779, "total_recovered": 7461, "new_recovered": 5}}, {"type": "Feature", "properties": {"death_rate": 1.34491454188848, "cases": 3569, "deaths": 48, "last_update": "03.12.2020, 00:00 Uhr", "recovered": null, "GEN": "Berlin Lichtenberg", "cases_per_100k": 1245.62860792539, "cases_per_population": 1.24562860792539, "total_recovered": 2488, "new_recovered": 0}}, {"type": "Feature", "properties": {"death_rate": 0.879864636209814, "cases": 2955, "deaths": 26, "last_update": "03.12.2020, 00:00 Uhr", "recovered": null, "GEN": "Berlin Marzahn-Hellersdorf", "cases_per_100k": 1123.71514296471, "cases_per_population": 1.12371514296471, "total_recovered": 2354, "new_recovered": 2}}, {"type": "Feature", "properties": {"death_rate": 0.881057268722467, "cases": 4540, "deaths": 40, "last_update": "03.12.2020, 00:00 Uhr", "recovered": null, "GEN": "Berlin Spandau", "cases_per_100k": 1899.43058920002, "cases_per_population": 1.89943058920002, "total_recovered": 3570, "new_recovered": 2}}, {"type": "Feature", "properties": {"death_rate": 0.58074603529149, "cases": 4477, "deaths": 26, "last_update": "03.12.2020, 00:00 Uhr", "recovered": null, "GEN": "Berlin Steglitz-Zehlendorf", "cases_per_100k": 1481.58198671639, "cases_per_population": 1.48158198671639, "total_recovered": 2615, "new_recovered": 15}}, {"type": "Feature", "properties": {"death_rate": 0.544673719493034, "cases": 9547, "deaths": 52, "last_update": "03.12.2020, 00:00 Uhr", "recovered": null, "GEN": "Berlin Mitte", "cases_per_100k": 2544.25191478475, "cases_per_population": 2.54425191478475, "total_recovered": 6254, "new_recovered": 0}}, {"type": "Feature", "properties": {"death_rate": 0.666363774042102, "cases": 6603, "deaths": 44, "last_update": "03.12.2020, 00:00 Uhr", "recovered": null, "GEN": "Berlin Friedrichshain-Kreuzberg", "cases_per_100k": 2340.99957810245, "cases_per_population": 2.34099957810245, "total_recovered": 5620, "new_recovered": 2}}, {"type": "Feature", "properties": {"death_rate": 1.38293458719403, "cases": 7231, "deaths": 100, "last_update": "03.12.2020, 00:00 Uhr", "recovered": null, "GEN": "Berlin Tempelhof-Sch\u00f6neberg", "cases_per_100k": 2115.73797736503, "cases_per_population": 2.11573797736503, "total_recovered": 5006, "new_recovered": 0}}]}}