{"_id": "8aa6c9876c4e49688591261cb112ada6", "_rev": "5-6bf217a7b210166ad66aa72ccde55c98", "date": "01.12.2020", "data": {"type": "FeatureCollection", "features": [{"type": "Feature", "properties": {"death_rate": 0.984726688102894, "cases": 4976, "deaths": 49, "last_update": "01.12.2020, 00:00 Uhr", "recovered": null, "GEN": "Berlin Reinickendorf", "cases_per_100k": 1916.13814986388, "cases_per_population": 1.91613814986388, "total_recovered": 3377, "new_recovered": 0}}, {"type": "Feature", "properties": {"death_rate": 0.89223233030091, "cases": 5716, "deaths": 51, "last_update": "01.12.2020, 00:00 Uhr", "recovered": null, "GEN": "Berlin Charlottenburg-Wilmersdorf", "cases_per_100k": 1709.32503192275, "cases_per_population": 1.70932503192275, "total_recovered": 4481, "new_recovered": 0}}, {"type": "Feature", "properties": {"death_rate": 0.606980273141123, "cases": 2636, "deaths": 16, "last_update": "01.12.2020, 00:00 Uhr", "recovered": null, "GEN": "Berlin Treptow-K\u00f6penick", "cases_per_100k": 989.162739035154, "cases_per_population": 0.989162739035154, "total_recovered": 1528, "new_recovered": 0}}, {"type": "Feature", "properties": {"death_rate": 1.05406988092914, "cases": 5123, "deaths": 54, "last_update": "01.12.2020, 00:00 Uhr", "recovered": null, "GEN": "Berlin Pankow", "cases_per_100k": 1287.06951130049, "cases_per_population": 1.28706951130049, "total_recovered": 3874, "new_recovered": 2}}, {"type": "Feature", "properties": {"death_rate": 1.00524963699319, "cases": 8953, "deaths": 90, "last_update": "01.12.2020, 00:00 Uhr", "recovered": null, "GEN": "Berlin Neuk\u00f6lln", "cases_per_100k": 2788.02826331343, "cases_per_population": 2.78802826331343, "total_recovered": 7296, "new_recovered": 7}}, {"type": "Feature", "properties": {"death_rate": 1.19186046511628, "cases": 3440, "deaths": 41, "last_update": "01.12.2020, 00:00 Uhr", "recovered": null, "GEN": "Berlin Lichtenberg", "cases_per_100k": 1200.60588715701, "cases_per_population": 1.20060588715701, "total_recovered": 2345, "new_recovered": 2}}, {"type": "Feature", "properties": {"death_rate": 0.870473537604457, "cases": 2872, "deaths": 25, "last_update": "01.12.2020, 00:00 Uhr", "recovered": null, "GEN": "Berlin Marzahn-Hellersdorf", "cases_per_100k": 1092.15224724015, "cases_per_population": 1.09215224724015, "total_recovered": 2249, "new_recovered": 4}}, {"type": "Feature", "properties": {"death_rate": 0.859145376441329, "cases": 4423, "deaths": 38, "last_update": "01.12.2020, 00:00 Uhr", "recovered": null, "GEN": "Berlin Spandau", "cases_per_100k": 1850.48050573385, "cases_per_population": 1.85048050573385, "total_recovered": 3380, "new_recovered": 1}}, {"type": "Feature", "properties": {"death_rate": 0.597289225821273, "cases": 4353, "deaths": 26, "last_update": "01.12.2020, 00:00 Uhr", "recovered": null, "GEN": "Berlin Steglitz-Zehlendorf", "cases_per_100k": 1440.54643470549, "cases_per_population": 1.44054643470549, "total_recovered": 2412, "new_recovered": 0}}, {"type": "Feature", "properties": {"death_rate": 0.49030289823491, "cases": 9178, "deaths": 45, "last_update": "01.12.2020, 00:00 Uhr", "recovered": null, "GEN": "Berlin Mitte", "cases_per_100k": 2445.91432637419, "cases_per_population": 2.44591432637419, "total_recovered": 6080, "new_recovered": 6}}, {"type": "Feature", "properties": {"death_rate": 0.653289780681288, "cases": 6429, "deaths": 42, "last_update": "01.12.2020, 00:00 Uhr", "recovered": null, "GEN": "Berlin Friedrichshain-Kreuzberg", "cases_per_100k": 2279.31035705296, "cases_per_population": 2.27931035705296, "total_recovered": 5443, "new_recovered": 4}}, {"type": "Feature", "properties": {"death_rate": 1.24893556627874, "cases": 7046, "deaths": 88, "last_update": "01.12.2020, 00:00 Uhr", "recovered": null, "GEN": "Berlin Tempelhof-Sch\u00f6neberg", "cases_per_100k": 2061.60832367777, "cases_per_population": 2.06160832367777, "total_recovered": 4738, "new_recovered": 0}}]}}