{"_id": "e5d28c3a1dee460db1e83791b1857cec", "_rev": "2-46d8cbb40286240903dff0536a73b5d4", "date": "15.11.2020", "data": {"type": "FeatureCollection", "features": [{"type": "Feature", "properties": {"death_rate": 0.816671360180231, "cases": 3551, "deaths": 29, "last_update": "15.11.2020, 00:00 Uhr", "GEN": "Berlin Reinickendorf", "cases_per_100k": 1367.4048573486, "cases_per_population": 1.3674048573486, "total_recovered": 2405, "new_recovered": 4}}, {"type": "Feature", "properties": {"death_rate": 0.651011392699372, "cases": 4301, "deaths": 28, "last_update": "15.11.2020, 00:00 Uhr", "GEN": "Berlin Charlottenburg-Wilmersdorf", "cases_per_100k": 1286.18036429317, "cases_per_population": 1.28618036429317, "total_recovered": 3154, "new_recovered": 3}}, {"type": "Feature", "properties": {"death_rate": 0.802139037433155, "cases": 1870, "deaths": 15, "last_update": "15.11.2020, 00:00 Uhr", "GEN": "Berlin Treptow-K\u00f6penick", "cases_per_100k": 701.720152502176, "cases_per_population": 0.701720152502176, "total_recovered": 1047, "new_recovered": 0}}, {"type": "Feature", "properties": {"death_rate": 1.2308533916849, "cases": 3656, "deaths": 45, "last_update": "15.11.2020, 00:00 Uhr", "GEN": "Berlin Pankow", "cases_per_100k": 918.509883528123, "cases_per_population": 0.918509883528123, "total_recovered": 2934, "new_recovered": 0}}, {"type": "Feature", "properties": {"death_rate": 0.890339813028639, "cases": 6739, "deaths": 60, "last_update": "15.11.2020, 00:00 Uhr", "GEN": "Berlin Neuk\u00f6lln", "cases_per_100k": 2098.57282100628, "cases_per_population": 2.09857282100628, "total_recovered": 5420, "new_recovered": 22}}, {"type": "Feature", "properties": {"death_rate": 1.18030118030118, "cases": 2457, "deaths": 29, "last_update": "15.11.2020, 00:00 Uhr", "GEN": "Berlin Lichtenberg", "cases_per_100k": 857.525774635107, "cases_per_population": 0.857525774635106, "total_recovered": 1736, "new_recovered": 0}}, {"type": "Feature", "properties": {"death_rate": 0.622729631551635, "cases": 1927, "deaths": 12, "last_update": "15.11.2020, 00:00 Uhr", "GEN": "Berlin Marzahn-Hellersdorf", "cases_per_100k": 732.791567002704, "cases_per_population": 0.732791567002704, "total_recovered": 1576, "new_recovered": 9}}, {"type": "Feature", "properties": {"death_rate": 0.651354130956462, "cases": 2917, "deaths": 19, "last_update": "15.11.2020, 00:00 Uhr", "GEN": "Berlin Spandau", "cases_per_100k": 1220.4050724001, "cases_per_population": 1.2204050724001, "total_recovered": 2372, "new_recovered": 14}}, {"type": "Feature", "properties": {"death_rate": 0.64625850340136, "cases": 2940, "deaths": 19, "last_update": "15.11.2020, 00:00 Uhr", "GEN": "Berlin Steglitz-Zehlendorf", "cases_per_100k": 972.939700903775, "cases_per_population": 0.972939700903775, "total_recovered": 1611, "new_recovered": 0}}, {"type": "Feature", "properties": {"death_rate": 0.503074343208496, "cases": 7156, "deaths": 36, "last_update": "15.11.2020, 00:00 Uhr", "GEN": "Berlin Mitte", "cases_per_100k": 1907.0563215879, "cases_per_population": 1.9070563215879, "total_recovered": 4560, "new_recovered": 0}}, {"type": "Feature", "properties": {"death_rate": 0.561191452622491, "cases": 4633, "deaths": 26, "last_update": "15.11.2020, 00:00 Uhr", "GEN": "Berlin Friedrichshain-Kreuzberg", "cases_per_100k": 1642.56414438114, "cases_per_population": 1.64256414438114, "total_recovered": 3653, "new_recovered": 0}}, {"type": "Feature", "properties": {"death_rate": 0.781555295037124, "cases": 5118, "deaths": 40, "last_update": "15.11.2020, 00:00 Uhr", "GEN": "Berlin Tempelhof-Sch\u00f6neberg", "cases_per_100k": 1497.4895544398, "cases_per_population": 1.4974895544398, "total_recovered": 2968, "new_recovered": 0}}]}}