{"_id": "2fadda95da26d74c818a0b998004e0f9", "_rev": "1-087669c8cd8d3aa4c795161289f468ee", "date": "22.11.2020", "data": [{"id": "1", "altersgruppe": " 0-4", "fallzahl": "1039", "differenz": "20", "inzidenz": "547.6"}, {"id": "4", "altersgruppe": " 5-9", "fallzahl": "1402", "differenz": "30", "inzidenz": "816.6"}, {"id": "7", "altersgruppe": " 10-14", "fallzahl": "2314", "differenz": "61", "inzidenz": "1478.6"}, {"id": "10", "altersgruppe": " 15-19", "fallzahl": "3382", "differenz": "77", "inzidenz": "2257.5"}, {"id": "13", "altersgruppe": " 20-24", "fallzahl": "5381", "differenz": "81", "inzidenz": "2634"}, {"id": "16", "altersgruppe": " 25-29", "fallzahl": "6396", "differenz": "113", "inzidenz": "2227.5"}, {"id": "19", "altersgruppe": " 30-39", "fallzahl": "11320", "differenz": "181", "inzidenz": "1738.4"}, {"id": "22", "altersgruppe": " 40-49", "fallzahl": "8098", "differenz": "157", "inzidenz": "1672.3"}, {"id": "25", "altersgruppe": " 50-59", "fallzahl": "7592", "differenz": "163", "inzidenz": "1397.4"}, {"id": "28", "altersgruppe": " 60-69", "fallzahl": "3705", "differenz": "72", "inzidenz": "931.6"}, {"id": "31", "altersgruppe": " 70-79", "fallzahl": "2375", "differenz": "48", "inzidenz": "746.2"}, {"id": "34", "altersgruppe": " 80-89", "fallzahl": "1924", "differenz": "34", "inzidenz": "1043.1"}, {"id": "37", "altersgruppe": " 90+", "fallzahl": "590", "differenz": "9", "inzidenz": "1893.2"}, {"id": "40", "altersgruppe": " unbekannt", "fallzahl": "550", "differenz": "5", "inzidenz": "0"}, {"id": "43", "altersgruppe": " Summe", "fallzahl": "56068", "differenz": "1051", "inzidenz": "1487.4"}]}