{"_id": "31ecc32a6c6d3886a988694ab801ba28", "_rev": "1-9fea802ba1e921d757fbea78b63c51d1", "date": "12.12.2020", "data": [{"id": "1", "altersgruppe": " 0-4", "fallzahl": "1384", "differenz": "18", "inzidenz": "729.4"}, {"id": "4", "altersgruppe": " 5-9", "fallzahl": "2013", "differenz": "34", "inzidenz": "1172.6"}, {"id": "7", "altersgruppe": " 10-14", "fallzahl": "3260", "differenz": "50", "inzidenz": "2083.1"}, {"id": "10", "altersgruppe": " 15-19", "fallzahl": "4552", "differenz": "53", "inzidenz": "3038.5"}, {"id": "13", "altersgruppe": " 20-24", "fallzahl": "6858", "differenz": "77", "inzidenz": "3357"}, {"id": "16", "altersgruppe": " 25-29", "fallzahl": "8084", "differenz": "70", "inzidenz": "2815.4"}, {"id": "19", "altersgruppe": " 30-39", "fallzahl": "15011", "differenz": "174", "inzidenz": "2305.2"}, {"id": "22", "altersgruppe": " 40-49", "fallzahl": "11233", "differenz": "174", "inzidenz": "2319.7"}, {"id": "25", "altersgruppe": " 50-59", "fallzahl": "10612", "differenz": "142", "inzidenz": "1953.3"}, {"id": "28", "altersgruppe": " 60-69", "fallzahl": "5381", "differenz": "74", "inzidenz": "1353"}, {"id": "31", "altersgruppe": " 70-79", "fallzahl": "3599", "differenz": "43", "inzidenz": "1130.7"}, {"id": "34", "altersgruppe": " 80-89", "fallzahl": "3316", "differenz": "59", "inzidenz": "1797.7"}, {"id": "37", "altersgruppe": " 90+", "fallzahl": "1188", "differenz": "18", "inzidenz": "3812.1"}, {"id": "40", "altersgruppe": " unbekannt", "fallzahl": "721", "differenz": "16", "inzidenz": "0"}, {"id": "43", "altersgruppe": " Summe", "fallzahl": "77212", "differenz": "1002", "inzidenz": "2048.3"}]}