{"_id": "31ecc32a6c6d3886a988694ab8010198", "_rev": "1-8c7c7d092e21b7660ac40da349eb94ce", "date": "11.12.2020", "data": [{"id": "1", "altersgruppe": " 0-4", "fallzahl": "1366", "differenz": "14", "inzidenz": "719.9"}, {"id": "4", "altersgruppe": " 5-9", "fallzahl": "1979", "differenz": "45", "inzidenz": "1152.7"}, {"id": "7", "altersgruppe": " 10-14", "fallzahl": "3210", "differenz": "67", "inzidenz": "2051.1"}, {"id": "10", "altersgruppe": " 15-19", "fallzahl": "4499", "differenz": "89", "inzidenz": "3003.1"}, {"id": "13", "altersgruppe": " 20-24", "fallzahl": "6781", "differenz": "106", "inzidenz": "3319.3"}, {"id": "16", "altersgruppe": " 25-29", "fallzahl": "8014", "differenz": "114", "inzidenz": "2791"}, {"id": "19", "altersgruppe": " 30-39", "fallzahl": "14837", "differenz": "293", "inzidenz": "2278.5"}, {"id": "22", "altersgruppe": " 40-49", "fallzahl": "11059", "differenz": "254", "inzidenz": "2283.7"}, {"id": "25", "altersgruppe": " 50-59", "fallzahl": "10470", "differenz": "256", "inzidenz": "1927.1"}, {"id": "28", "altersgruppe": " 60-69", "fallzahl": "5307", "differenz": "142", "inzidenz": "1334.4"}, {"id": "31", "altersgruppe": " 70-79", "fallzahl": "3556", "differenz": "102", "inzidenz": "1117.2"}, {"id": "34", "altersgruppe": " 80-89", "fallzahl": "3257", "differenz": "99", "inzidenz": "1765.7"}, {"id": "37", "altersgruppe": " 90+", "fallzahl": "1170", "differenz": "59", "inzidenz": "3754.3"}, {"id": "40", "altersgruppe": " unbekannt", "fallzahl": "705", "differenz": "16", "inzidenz": "0"}, {"id": "43", "altersgruppe": " Summe", "fallzahl": "76210", "differenz": "1656", "inzidenz": "2021.8"}]}