{"_id": "31ecc32a6c6d3886a988694ab800143b", "_rev": "1-9a581ab1fd000ddeb48c079a944c9c50", "date": "03.12.2020", "data": [{"id": "1", "altersgruppe": " 0-4", "fallzahl": "1210", "differenz": "13", "inzidenz": "637.7"}, {"id": "4", "altersgruppe": " 5-9", "fallzahl": "1715", "differenz": "20", "inzidenz": "999"}, {"id": "7", "altersgruppe": " 10-14", "fallzahl": "2843", "differenz": "38", "inzidenz": "1816.6"}, {"id": "10", "altersgruppe": " 15-19", "fallzahl": "4023", "differenz": "56", "inzidenz": "2685.4"}, {"id": "13", "altersgruppe": " 20-24", "fallzahl": "6210", "differenz": "67", "inzidenz": "3039.8"}, {"id": "16", "altersgruppe": " 25-29", "fallzahl": "7316", "differenz": "75", "inzidenz": "2547.9"}, {"id": "19", "altersgruppe": " 30-39", "fallzahl": "13314", "differenz": "168", "inzidenz": "2044.6"}, {"id": "22", "altersgruppe": " 40-49", "fallzahl": "9765", "differenz": "129", "inzidenz": "2016.5"}, {"id": "25", "altersgruppe": " 50-59", "fallzahl": "9173", "differenz": "135", "inzidenz": "1688.4"}, {"id": "28", "altersgruppe": " 60-69", "fallzahl": "4556", "differenz": "86", "inzidenz": "1145.6"}, {"id": "31", "altersgruppe": " 70-79", "fallzahl": "2991", "differenz": "54", "inzidenz": "939.7"}, {"id": "34", "altersgruppe": " 80-89", "fallzahl": "2636", "differenz": "80", "inzidenz": "1429.1"}, {"id": "37", "altersgruppe": " 90+", "fallzahl": "897", "differenz": "37", "inzidenz": "2878.3"}, {"id": "40", "altersgruppe": " unbekannt", "fallzahl": "615", "differenz": "0", "inzidenz": "0"}, {"id": "43", "altersgruppe": " Summe", "fallzahl": "67264", "differenz": "958", "inzidenz": "1784.4"}]}