{"_id": "2fadda95da26d74c818a0b9980074a0b", "_rev": "1-10e8f578f0da19b9e21e4b9c4fca0253", "date": "29.11.2020", "data": [{"id": "1", "altersgruppe": " 0-4", "fallzahl": "1146", "differenz": "18", "inzidenz": "604"}, {"id": "4", "altersgruppe": " 5-9", "fallzahl": "1608", "differenz": "35", "inzidenz": "936.6"}, {"id": "7", "altersgruppe": " 10-14", "fallzahl": "2638", "differenz": "46", "inzidenz": "1685.6"}, {"id": "10", "altersgruppe": " 15-19", "fallzahl": "3776", "differenz": "70", "inzidenz": "2520.5"}, {"id": "13", "altersgruppe": " 20-24", "fallzahl": "5896", "differenz": "113", "inzidenz": "2886.1"}, {"id": "16", "altersgruppe": " 25-29", "fallzahl": "7005", "differenz": "124", "inzidenz": "2439.6"}, {"id": "19", "altersgruppe": " 30-39", "fallzahl": "12575", "differenz": "256", "inzidenz": "1931.1"}, {"id": "22", "altersgruppe": " 40-49", "fallzahl": "9164", "differenz": "217", "inzidenz": "1892.4"}, {"id": "25", "altersgruppe": " 50-59", "fallzahl": "8573", "differenz": "189", "inzidenz": "1578"}, {"id": "28", "altersgruppe": " 60-69", "fallzahl": "4241", "differenz": "103", "inzidenz": "1066.4"}, {"id": "31", "altersgruppe": " 70-79", "fallzahl": "2745", "differenz": "72", "inzidenz": "862.4"}, {"id": "34", "altersgruppe": " 80-89", "fallzahl": "2336", "differenz": "107", "inzidenz": "1266.4"}, {"id": "37", "altersgruppe": " 90+", "fallzahl": "769", "differenz": "45", "inzidenz": "2467.6"}, {"id": "40", "altersgruppe": " unbekannt", "fallzahl": "592", "differenz": "5", "inzidenz": "0"}, {"id": "43", "altersgruppe": " Summe", "fallzahl": "63064", "differenz": "1400", "inzidenz": "1673"}]}