{"_id": "31ecc32a6c6d3886a988694ab800411d", "_rev": "1-c15a70fab363d281d6d8610a93e5e8e7", "date": "08.12.2020", "data": [{"id": "1", "altersgruppe": " 0-4", "fallzahl": "1294", "differenz": "9", "inzidenz": "681.9"}, {"id": "4", "altersgruppe": " 5-9", "fallzahl": "1865", "differenz": "22", "inzidenz": "1086.3"}, {"id": "7", "altersgruppe": " 10-14", "fallzahl": "3043", "differenz": "26", "inzidenz": "1944.4"}, {"id": "10", "altersgruppe": " 15-19", "fallzahl": "4288", "differenz": "25", "inzidenz": "2862.3"}, {"id": "13", "altersgruppe": " 20-24", "fallzahl": "6508", "differenz": "35", "inzidenz": "3185.7"}, {"id": "16", "altersgruppe": " 25-29", "fallzahl": "7679", "differenz": "41", "inzidenz": "2674.3"}, {"id": "19", "altersgruppe": " 30-39", "fallzahl": "14117", "differenz": "106", "inzidenz": "2167.9"}, {"id": "22", "altersgruppe": " 40-49", "fallzahl": "10485", "differenz": "101", "inzidenz": "2165.2"}, {"id": "25", "altersgruppe": " 50-59", "fallzahl": "9833", "differenz": "92", "inzidenz": "1809.9"}, {"id": "28", "altersgruppe": " 60-69", "fallzahl": "4963", "differenz": "65", "inzidenz": "1247.9"}, {"id": "31", "altersgruppe": " 70-79", "fallzahl": "3296", "differenz": "37", "inzidenz": "1035.5"}, {"id": "34", "altersgruppe": " 80-89", "fallzahl": "2994", "differenz": "54", "inzidenz": "1623.1"}, {"id": "37", "altersgruppe": " 90+", "fallzahl": "1053", "differenz": "19", "inzidenz": "3378.9"}, {"id": "40", "altersgruppe": " unbekannt", "fallzahl": "665", "differenz": "8", "inzidenz": "0"}, {"id": "43", "altersgruppe": " Summe", "fallzahl": "72083", "differenz": "640", "inzidenz": "1912.3"}]}