{"_id": "31ecc32a6c6d3886a988694ab8000663", "_rev": "1-7a27363d5bde080c4a42372ab0f29c44", "date": "01.12.2020", "data": [{"id": "1", "altersgruppe": " 0-4", "fallzahl": "1176", "differenz": "14", "inzidenz": "619.8"}, {"id": "4", "altersgruppe": " 5-9", "fallzahl": "1672", "differenz": "34", "inzidenz": "973.9"}, {"id": "7", "altersgruppe": " 10-14", "fallzahl": "2759", "differenz": "61", "inzidenz": "1763"}, {"id": "10", "altersgruppe": " 15-19", "fallzahl": "3901", "differenz": "53", "inzidenz": "2603.9"}, {"id": "13", "altersgruppe": " 20-24", "fallzahl": "6054", "differenz": "67", "inzidenz": "2963.5"}, {"id": "16", "altersgruppe": " 25-29", "fallzahl": "7164", "differenz": "62", "inzidenz": "2495"}, {"id": "19", "altersgruppe": " 30-39", "fallzahl": "12919", "differenz": "155", "inzidenz": "1983.9"}, {"id": "22", "altersgruppe": " 40-49", "fallzahl": "9474", "differenz": "147", "inzidenz": "1956.4"}, {"id": "25", "altersgruppe": " 50-59", "fallzahl": "8873", "differenz": "124", "inzidenz": "1633.2"}, {"id": "28", "altersgruppe": " 60-69", "fallzahl": "4381", "differenz": "53", "inzidenz": "1101.6"}, {"id": "31", "altersgruppe": " 70-79", "fallzahl": "2866", "differenz": "64", "inzidenz": "900.4"}, {"id": "34", "altersgruppe": " 80-89", "fallzahl": "2467", "differenz": "62", "inzidenz": "1337.4"}, {"id": "37", "altersgruppe": " 90+", "fallzahl": "830", "differenz": "22", "inzidenz": "2663.3"}, {"id": "40", "altersgruppe": " unbekannt", "fallzahl": "609", "differenz": "7", "inzidenz": "0"}, {"id": "43", "altersgruppe": " Summe", "fallzahl": "65145", "differenz": "925", "inzidenz": "1728.2"}]}