{"_id": "31ecc32a6c6d3886a988694ab80043be", "_rev": "1-c530cdd5cf2501c4cdd7ff7cc8eff0b1", "date": "09.12.2020", "data": [{"id": "1", "altersgruppe": " 0-4", "fallzahl": "1327", "differenz": "33", "inzidenz": "699.3"}, {"id": "4", "altersgruppe": " 5-9", "fallzahl": "1902", "differenz": "37", "inzidenz": "1107.9"}, {"id": "7", "altersgruppe": " 10-14", "fallzahl": "3099", "differenz": "56", "inzidenz": "1980.2"}, {"id": "10", "altersgruppe": " 15-19", "fallzahl": "4361", "differenz": "73", "inzidenz": "2911"}, {"id": "13", "altersgruppe": " 20-24", "fallzahl": "6600", "differenz": "92", "inzidenz": "3230.7"}, {"id": "16", "altersgruppe": " 25-29", "fallzahl": "7798", "differenz": "119", "inzidenz": "2715.8"}, {"id": "19", "altersgruppe": " 30-39", "fallzahl": "14354", "differenz": "237", "inzidenz": "2204.3"}, {"id": "22", "altersgruppe": " 40-49", "fallzahl": "10663", "differenz": "178", "inzidenz": "2202"}, {"id": "25", "altersgruppe": " 50-59", "fallzahl": "10046", "differenz": "213", "inzidenz": "1849.1"}, {"id": "28", "altersgruppe": " 60-69", "fallzahl": "5072", "differenz": "109", "inzidenz": "1275.3"}, {"id": "31", "altersgruppe": " 70-79", "fallzahl": "3372", "differenz": "76", "inzidenz": "1059.4"}, {"id": "34", "altersgruppe": " 80-89", "fallzahl": "3078", "differenz": "84", "inzidenz": "1668.7"}, {"id": "37", "altersgruppe": " 90+", "fallzahl": "1075", "differenz": "22", "inzidenz": "3449.5"}, {"id": "40", "altersgruppe": " unbekannt", "fallzahl": "684", "differenz": "19", "inzidenz": "0"}, {"id": "43", "altersgruppe": " Summe", "fallzahl": "73431", "differenz": "1348", "inzidenz": "1948"}]}