{"_id": "31ecc32a6c6d3886a988694ab8000b1c", "_rev": "1-acfd13076b8ef0e5b74ddd16dae341f6", "date": "02.12.2020", "data": [{"id": "1", "altersgruppe": " 0-4", "fallzahl": "1197", "differenz": "21", "inzidenz": "630.8"}, {"id": "4", "altersgruppe": " 5-9", "fallzahl": "1695", "differenz": "23", "inzidenz": "987.3"}, {"id": "7", "altersgruppe": " 10-14", "fallzahl": "2805", "differenz": "46", "inzidenz": "1792.3"}, {"id": "10", "altersgruppe": " 15-19", "fallzahl": "3967", "differenz": "66", "inzidenz": "2648"}, {"id": "13", "altersgruppe": " 20-24", "fallzahl": "6143", "differenz": "89", "inzidenz": "3007"}, {"id": "16", "altersgruppe": " 25-29", "fallzahl": "7241", "differenz": "77", "inzidenz": "2521.8"}, {"id": "19", "altersgruppe": " 30-39", "fallzahl": "13146", "differenz": "227", "inzidenz": "2018.8"}, {"id": "22", "altersgruppe": " 40-49", "fallzahl": "9636", "differenz": "162", "inzidenz": "1989.9"}, {"id": "25", "altersgruppe": " 50-59", "fallzahl": "9038", "differenz": "165", "inzidenz": "1663.6"}, {"id": "28", "altersgruppe": " 60-69", "fallzahl": "4470", "differenz": "89", "inzidenz": "1123.9"}, {"id": "31", "altersgruppe": " 70-79", "fallzahl": "2937", "differenz": "71", "inzidenz": "922.7"}, {"id": "34", "altersgruppe": " 80-89", "fallzahl": "2556", "differenz": "89", "inzidenz": "1385.7"}, {"id": "37", "altersgruppe": " 90+", "fallzahl": "860", "differenz": "30", "inzidenz": "2759.6"}, {"id": "40", "altersgruppe": " unbekannt", "fallzahl": "615", "differenz": "6", "inzidenz": "0"}, {"id": "43", "altersgruppe": " Summe", "fallzahl": "66306", "differenz": "1161", "inzidenz": "1759"}]}