{"_id": "31ecc32a6c6d3886a988694ab8004f2e", "_rev": "1-027bfdebcd6f8fdf0f734d775ef6f72a", "date": "10.12.2020", "data": [{"id": "1", "altersgruppe": " 0-4", "fallzahl": "1352", "differenz": "25", "inzidenz": "712.5"}, {"id": "4", "altersgruppe": " 5-9", "fallzahl": "1934", "differenz": "32", "inzidenz": "1126.5"}, {"id": "7", "altersgruppe": " 10-14", "fallzahl": "3143", "differenz": "44", "inzidenz": "2008.3"}, {"id": "10", "altersgruppe": " 15-19", "fallzahl": "4410", "differenz": "49", "inzidenz": "2943.7"}, {"id": "13", "altersgruppe": " 20-24", "fallzahl": "6675", "differenz": "75", "inzidenz": "3267.5"}, {"id": "16", "altersgruppe": " 25-29", "fallzahl": "7900", "differenz": "102", "inzidenz": "2751.3"}, {"id": "19", "altersgruppe": " 30-39", "fallzahl": "14544", "differenz": "190", "inzidenz": "2233.5"}, {"id": "22", "altersgruppe": " 40-49", "fallzahl": "10805", "differenz": "142", "inzidenz": "2231.3"}, {"id": "25", "altersgruppe": " 50-59", "fallzahl": "10214", "differenz": "168", "inzidenz": "1880"}, {"id": "28", "altersgruppe": " 60-69", "fallzahl": "5165", "differenz": "93", "inzidenz": "1298.7"}, {"id": "31", "altersgruppe": " 70-79", "fallzahl": "3454", "differenz": "82", "inzidenz": "1085.2"}, {"id": "34", "altersgruppe": " 80-89", "fallzahl": "3158", "differenz": "80", "inzidenz": "1712.1"}, {"id": "37", "altersgruppe": " 90+", "fallzahl": "1111", "differenz": "36", "inzidenz": "3565"}, {"id": "40", "altersgruppe": " unbekannt", "fallzahl": "689", "differenz": "5", "inzidenz": "0"}, {"id": "43", "altersgruppe": " Summe", "fallzahl": "74554", "differenz": "1123", "inzidenz": "1977.8"}]}