{"_id": "31ecc32a6c6d3886a988694ab80029cc", "_rev": "1-76df5f63fa548c8791e5e49327c59a77", "date": "06.12.2020", "data": [{"id": "1", "altersgruppe": " 0-4", "fallzahl": "1275", "differenz": "20", "inzidenz": "671.9"}, {"id": "4", "altersgruppe": " 5-9", "fallzahl": "1833", "differenz": "33", "inzidenz": "1067.7"}, {"id": "7", "altersgruppe": " 10-14", "fallzahl": "3003", "differenz": "61", "inzidenz": "1918.9"}, {"id": "10", "altersgruppe": " 15-19", "fallzahl": "4240", "differenz": "69", "inzidenz": "2830.2"}, {"id": "13", "altersgruppe": " 20-24", "fallzahl": "6457", "differenz": "84", "inzidenz": "3160.7"}, {"id": "16", "altersgruppe": " 25-29", "fallzahl": "7614", "differenz": "117", "inzidenz": "2651.7"}, {"id": "19", "altersgruppe": " 30-39", "fallzahl": "13950", "differenz": "224", "inzidenz": "2142.3"}, {"id": "22", "altersgruppe": " 40-49", "fallzahl": "10339", "differenz": "182", "inzidenz": "2135.1"}, {"id": "25", "altersgruppe": " 50-59", "fallzahl": "9695", "differenz": "160", "inzidenz": "1784.5"}, {"id": "28", "altersgruppe": " 60-69", "fallzahl": "4854", "differenz": "109", "inzidenz": "1220.5"}, {"id": "31", "altersgruppe": " 70-79", "fallzahl": "3237", "differenz": "94", "inzidenz": "1017"}, {"id": "34", "altersgruppe": " 80-89", "fallzahl": "2911", "differenz": "109", "inzidenz": "1578.1"}, {"id": "37", "altersgruppe": " 90+", "fallzahl": "1027", "differenz": "38", "inzidenz": "3295.5"}, {"id": "40", "altersgruppe": " unbekannt", "fallzahl": "653", "differenz": "20", "inzidenz": "0"}, {"id": "43", "altersgruppe": " Summe", "fallzahl": "71088", "differenz": "1320", "inzidenz": "1885.9"}]}