{"_id": "31ecc32a6c6d3886a988694ab80020b7", "_rev": "1-022d8f305e90fcb0dcb801a4f55da201", "date": "04.12.2020", "data": [{"id": "1", "altersgruppe": " 0-4", "fallzahl": "1229", "differenz": "19", "inzidenz": "647.7"}, {"id": "4", "altersgruppe": " 5-9", "fallzahl": "1763", "differenz": "48", "inzidenz": "1026.9"}, {"id": "7", "altersgruppe": " 10-14", "fallzahl": "2889", "differenz": "46", "inzidenz": "1846"}, {"id": "10", "altersgruppe": " 15-19", "fallzahl": "4087", "differenz": "64", "inzidenz": "2728.1"}, {"id": "13", "altersgruppe": " 20-24", "fallzahl": "6287", "differenz": "77", "inzidenz": "3077.5"}, {"id": "16", "altersgruppe": " 25-29", "fallzahl": "7418", "differenz": "102", "inzidenz": "2583.4"}, {"id": "19", "altersgruppe": " 30-39", "fallzahl": "13539", "differenz": "225", "inzidenz": "2079.2"}, {"id": "22", "altersgruppe": " 40-49", "fallzahl": "9957", "differenz": "192", "inzidenz": "2056.2"}, {"id": "25", "altersgruppe": " 50-59", "fallzahl": "9361", "differenz": "188", "inzidenz": "1723"}, {"id": "28", "altersgruppe": " 60-69", "fallzahl": "4650", "differenz": "94", "inzidenz": "1169.2"}, {"id": "31", "altersgruppe": " 70-79", "fallzahl": "3057", "differenz": "66", "inzidenz": "960.4"}, {"id": "34", "altersgruppe": " 80-89", "fallzahl": "2711", "differenz": "75", "inzidenz": "1469.7"}, {"id": "37", "altersgruppe": " 90+", "fallzahl": "934", "differenz": "37", "inzidenz": "2997"}, {"id": "40", "altersgruppe": " unbekannt", "fallzahl": "626", "differenz": "11", "inzidenz": "0"}, {"id": "43", "altersgruppe": " Summe", "fallzahl": "68508", "differenz": "1244", "inzidenz": "1817.4"}]}