{"_id": "31ecc32a6c6d3886a988694ab80035e4", "_rev": "1-467aad6a417046fd5157b36f8abf3bf2", "date": "07.12.2020", "data": [{"id": "1", "altersgruppe": " 0-4", "fallzahl": "1285", "differenz": "10", "inzidenz": "677.2"}, {"id": "4", "altersgruppe": " 5-9", "fallzahl": "1843", "differenz": "10", "inzidenz": "1073.5"}, {"id": "7", "altersgruppe": " 10-14", "fallzahl": "3017", "differenz": "14", "inzidenz": "1927.8"}, {"id": "10", "altersgruppe": " 15-19", "fallzahl": "4263", "differenz": "23", "inzidenz": "2845.6"}, {"id": "13", "altersgruppe": " 20-24", "fallzahl": "6473", "differenz": "16", "inzidenz": "3168.6"}, {"id": "16", "altersgruppe": " 25-29", "fallzahl": "7638", "differenz": "24", "inzidenz": "2660.1"}, {"id": "19", "altersgruppe": " 30-39", "fallzahl": "14011", "differenz": "61", "inzidenz": "2151.6"}, {"id": "22", "altersgruppe": " 40-49", "fallzahl": "10384", "differenz": "45", "inzidenz": "2144.4"}, {"id": "25", "altersgruppe": " 50-59", "fallzahl": "9741", "differenz": "46", "inzidenz": "1793"}, {"id": "28", "altersgruppe": " 60-69", "fallzahl": "4898", "differenz": "44", "inzidenz": "1231.6"}, {"id": "31", "altersgruppe": " 70-79", "fallzahl": "3259", "differenz": "22", "inzidenz": "1023.9"}, {"id": "34", "altersgruppe": " 80-89", "fallzahl": "2940", "differenz": "29", "inzidenz": "1593.9"}, {"id": "37", "altersgruppe": " 90+", "fallzahl": "1034", "differenz": "7", "inzidenz": "3317.9"}, {"id": "40", "altersgruppe": " unbekannt", "fallzahl": "657", "differenz": "4", "inzidenz": "0"}, {"id": "43", "altersgruppe": " Summe", "fallzahl": "71443", "differenz": "355", "inzidenz": "1895.3"}]}