{"_id": "31ecc32a6c6d3886a988694ab800295b", "_rev": "1-531162fe215e266a7ed37af2fe3ff408", "date": "05.12.2020", "data": [{"id": "1", "altersgruppe": " 0-4", "fallzahl": "1255", "differenz": "26", "inzidenz": "661.4"}, {"id": "4", "altersgruppe": " 5-9", "fallzahl": "1800", "differenz": "37", "inzidenz": "1048.5"}, {"id": "7", "altersgruppe": " 10-14", "fallzahl": "2942", "differenz": "53", "inzidenz": "1879.9"}, {"id": "10", "altersgruppe": " 15-19", "fallzahl": "4171", "differenz": "84", "inzidenz": "2784.2"}, {"id": "13", "altersgruppe": " 20-24", "fallzahl": "6373", "differenz": "86", "inzidenz": "3119.6"}, {"id": "16", "altersgruppe": " 25-29", "fallzahl": "7497", "differenz": "79", "inzidenz": "2610.9"}, {"id": "19", "altersgruppe": " 30-39", "fallzahl": "13726", "differenz": "187", "inzidenz": "2107.9"}, {"id": "22", "altersgruppe": " 40-49", "fallzahl": "10157", "differenz": "200", "inzidenz": "2097.5"}, {"id": "25", "altersgruppe": " 50-59", "fallzahl": "9535", "differenz": "174", "inzidenz": "1755"}, {"id": "28", "altersgruppe": " 60-69", "fallzahl": "4745", "differenz": "95", "inzidenz": "1193.1"}, {"id": "31", "altersgruppe": " 70-79", "fallzahl": "3143", "differenz": "86", "inzidenz": "987.5"}, {"id": "34", "altersgruppe": " 80-89", "fallzahl": "2802", "differenz": "91", "inzidenz": "1519.1"}, {"id": "37", "altersgruppe": " 90+", "fallzahl": "989", "differenz": "55", "inzidenz": "3173.5"}, {"id": "40", "altersgruppe": " unbekannt", "fallzahl": "633", "differenz": "7", "inzidenz": "0"}, {"id": "43", "altersgruppe": " Summe", "fallzahl": "69768", "differenz": "1260", "inzidenz": "1850.9"}]}